source_id,source_class,ra_deg,dec_deg,distance_optional,proper_motion_ra_optional,proper_motion_dec_optional,radial_velocity_optional,metadata_json_optional
ICRF J000435.6-473619,quasar,1.1485647359583333,-47.60544541102778,,,,,"{""catalogue"": ""ICRF3-K""}"
ICRF J000504.3+542824,quasar,1.2681805876666665,54.473590121250005,,,,,"{""catalogue"": ""ICRF3-K""}"
ICRF J000557.1+382015,quasar,1.4882307991666666,38.3375413845,,,,,"{""catalogue"": ""ICRF3-K""}"
ICRF J000613.8-062335,quasar,1.5578870084583336,-6.393148817805556,,,,,"{""catalogue"": ""ICRF3-K""}"
ICRF J000903.9+062821,quasar,2.2663827199999997,6.472566606222222,,,,,"{""catalogue"": ""ICRF3-K""}"
ICRF J001031.0+105829,quasar,2.6291912593749998,10.974862327916666,,,,,"{""catalogue"": ""ICRF3-K""}"
ICRF J001101.2-261233,quasar,2.7551947386666664,-26.209271354527775,,,,,"{""catalogue"": ""ICRF3-K""}"
ICRF J001135.2+082355,quasar,2.896956695208333,8.398773987166667,,,,,"{""catalogue"": ""ICRF3-K""}"
ICRF J001259.9-395426,quasar,3.2496242605416668,-39.90723799836111,,,,,"{""catalogue"": ""ICRF3-K""}"
ICRF J001448.7+611743,quasar,3.703300426083333,61.29542847352778,,,,,"{""catalogue"": ""ICRF3-K""}"
ICRF J001534.3-180725,quasar,3.893018835625,-18.12377377516667,,,,,"{""catalogue"": ""ICRF3-K""}"
ICRF J001611.0-001512,quasar,4.046202320708334,-0.2534569823055556,,,,,"{""catalogue"": ""ICRF3-K""}"
ICRF J001708.4+813508,quasar,4.285311801625,81.58559335930555,,,,,"{""catalogue"": ""ICRF3-K""}"
ICRF J001937.8+202145,quasar,4.907727053541667,20.362679057500003,,,,,"{""catalogue"": ""ICRF3-K""}"
ICRF J001939.7+260252,quasar,4.915752444958333,26.04785480313889,,,,,"{""catalogue"": ""ICRF3-K""}"
ICRF J001945.7+732730,quasar,4.940776559625,73.45833821955556,,,,,"{""catalogue"": ""ICRF3-K""}"
ICRF J002232.4+060804,quasar,5.635171709208333,6.134519179222223,,,,,"{""catalogue"": ""ICRF3-K""}"
ICRF J002406.7-682054,quasar,6.028012593625,-68.34849654391667,,,,,"{""catalogue"": ""ICRF3-K""}"
ICRF J002703.2+595852,quasar,6.763692641666666,59.98137764225,,,,,"{""catalogue"": ""ICRF3-K""}"
ICRF J003814.7-245902,quasar,9.561397992041666,-24.983954277555558,,,,,"{""catalogue"": ""ICRF3-K""}"
ICRF J004057.6-014632,quasar,10.240048221458332,-1.7755627391666666,,,,,"{""catalogue"": ""ICRF3-K""}"
ICRF J004219.4+570836,quasar,10.581048639583333,57.143496108444445,,,,,"{""catalogue"": ""ICRF3-K""}"
ICRF J004450.7+680302,quasar,11.211498408541665,68.05074610622222,,,,,"{""catalogue"": ""ICRF3-K""}"
ICRF J004700.4+565742,quasar,11.75178688075,56.96177626708334,,,,,"{""catalogue"": ""ICRF3-K""}"
ICRF J004705.9+031954,quasar,11.774661387708333,3.331884927583333,,,,,"{""catalogue"": ""ICRF3-K""}"
ICRF J004847.1+315725,quasar,12.196422841416668,31.956968006055554,,,,,"{""catalogue"": ""ICRF3-K""}"
ICRF J004943.2+023703,quasar,12.4301497725,2.617716224527778,,,,,"{""catalogue"": ""ICRF3-K""}"
ICRF J004959.4-573827,quasar,12.497804531249999,-57.64092773561111,,,,,"{""catalogue"": ""ICRF3-K""}"
ICRF J005041.3-092905,quasar,12.672155730416668,-9.484780628944444,,,,,"{""catalogue"": ""ICRF3-K""}"
ICRF J005109.5-422633,quasar,12.789591128375,-42.44258162813889,,,,,"{""catalogue"": ""ICRF3-K""}"
ICRF J005655.2+162513,quasar,14.230393029750001,16.420372480083333,,,,,"{""catalogue"": ""ICRF3-K""}"
ICRF J005833.8+062006,quasar,14.640852368416667,6.335020461083333,,,,,"{""catalogue"": ""ICRF3-K""}"
ICRF J005846.5-565911,quasar,14.694088448541667,-56.98651948111111,,,,,"{""catalogue"": ""ICRF3-K""}"
ICRF J005952.2+581223,quasar,14.967537498499999,58.20657865755556,,,,,"{""catalogue"": ""ICRF3-K""}"
ICRF J010051.6+680820,quasar,15.215266618208334,68.13903627302778,,,,,"{""catalogue"": ""ICRF3-K""}"
ICRF J010218.6-754651,quasar,15.577750768458335,-75.78103625927778,,,,,"{""catalogue"": ""ICRF3-K""}"
ICRF J010245.7+582411,quasar,15.690676582375003,58.40309350761111,,,,,"{""catalogue"": ""ICRF3-K""}"
ICRF J010645.1-403419,quasar,16.687949964166666,-40.57221119319445,,,,,"{""catalogue"": ""ICRF3-K""}"
ICRF J010838.7+013500,quasar,17.161546299125,1.5834214102222224,,,,,"{""catalogue"": ""ICRF3-K""}"
ICRF J010927.8+314956,quasar,17.366196551958332,31.832235888305554,,,,,"{""catalogue"": ""ICRF3-K""}"
ICRF J010946.3+613330,quasar,17.443101542833332,61.55845988563889,,,,,"{""catalogue"": ""ICRF3-K""}"
ICRF J011012.8+680541,quasar,17.553639443875003,68.09478241480555,,,,,"{""catalogue"": ""ICRF3-K""}"
ICRF J011205.8+224438,quasar,18.024269608624998,22.74410737436111,,,,,"{""catalogue"": ""ICRF3-K""}"
ICRF J011210.1+202021,quasar,18.042461749666668,20.339378893194443,,,,,"{""catalogue"": ""ICRF3-K""}"
ICRF J011212.9+352219,quasar,18.05393496245833,35.372037862805556,,,,,"{""catalogue"": ""ICRF3-K""}"
ICRF J011250.3+320817,quasar,18.209721021375,32.13817571925,,,,,"{""catalogue"": ""ICRF3-K""}"
ICRF J011327.0+494824,quasar,18.362528326833335,49.80667869702778,,,,,"{""catalogue"": ""ICRF3-K""}"
ICRF J011343.1+022217,quasar,18.42977064641667,2.3714767583333334,,,,,"{""catalogue"": ""ICRF3-K""}"
ICRF J011517.0-012704,quasar,18.821249639958335,-1.4512714666388888,,,,,"{""catalogue"": ""ICRF3-K""}"
ICRF J011612.5-113615,quasar,19.052175078041664,-11.604287397194444,,,,,"{""catalogue"": ""ICRF3-K""}"
ICRF J011748.7-211106,quasar,19.453250559291664,-21.18517582247222,,,,,"{""catalogue"": ""ICRF3-K""}"
ICRF J012128.9+112700,quasar,20.370829980875,11.450139795305555,,,,,"{""catalogue"": ""ICRF3-K""}"
ICRF J012141.5+114950,quasar,20.423312703125003,11.830670336444443,,,,,"{""catalogue"": ""ICRF3-K""}"
ICRF J012156.8+042224,quasar,20.48692370766667,4.373537301277778,,,,,"{""catalogue"": ""ICRF3-K""}"
ICRF J012213.9-001801,quasar,20.55796037320833,-0.3002917445,,,,,"{""catalogue"": ""ICRF3-K""}"
ICRF J012238.8+250231,quasar,20.6617332245,25.042164652722224,,,,,"{""catalogue"": ""ICRF3-K""}"
ICRF J012343.0+261522,quasar,20.929354914458333,26.256229684916665,,,,,"{""catalogue"": ""ICRF3-K""}"
ICRF J012528.8-000555,quasar,21.370182612333338,-0.09886990372222222,,,,,"{""catalogue"": ""ICRF3-K""}"
ICRF J012642.7+255901,quasar,21.678302599541666,25.983694550027778,,,,,"{""catalogue"": ""ICRF3-K""}"
ICRF J012830.5+630629,quasar,22.127354550875,63.10830050566667,,,,,"{""catalogue"": ""ICRF3-K""}"
ICRF J013027.6+084246,quasar,22.615143476625,8.712825541472222,,,,,"{""catalogue"": ""ICRF3-K""}"
ICRF J013203.0+221650,quasar,23.012828337791664,22.28064860602778,,,,,"{""catalogue"": ""ICRF3-K""}"
ICRF J013440.7+692510,quasar,23.6698386955,69.41969431983334,,,,,"{""catalogue"": ""ICRF3-K""}"
ICRF J013658.5+475129,quasar,24.244145034583333,47.85808335847222,,,,,"{""catalogue"": ""ICRF3-K""}"
ICRF J014125.8-092843,quasar,25.357634045708334,-9.47879843361111,,,,,"{""catalogue"": ""ICRF3-K""}"
ICRF J014137.9-093001,quasar,25.40808227533333,-9.50049621636111,,,,,"{""catalogue"": ""ICRF3-K""}"
ICRF J014922.3+055553,quasar,27.343212194,5.931546740694444,,,,,"{""catalogue"": ""ICRF3-K""}"
ICRF J015106.0-173244,quasar,27.77534731875,-17.545755022111113,,,,,"{""catalogue"": ""ICRF3-K""}"
ICRF J015218.0+220707,quasar,28.075245985458334,22.1188054825,,,,,"{""catalogue"": ""ICRF3-K""}"
ICRF J015234.5+335033,quasar,28.14406831854167,33.84254410747222,,,,,"{""catalogue"": ""ICRF3-K""}"
ICRF J015325.8+711506,quasar,28.35771275970833,71.25179537766667,,,,,"{""catalogue"": ""ICRF3-K""}"
ICRF J020107.7-663812,quasar,30.28226674983333,-66.6368517281389,,,,,"{""catalogue"": ""ICRF3-K""}"
ICRF J020346.6+113445,quasar,30.94440439733333,11.5792803685,,,,,"{""catalogue"": ""ICRF3-K""}"
ICRF J020450.4+151411,quasar,31.210057871583338,15.236401063333332,,,,,"{""catalogue"": ""ICRF3-K""}"
ICRF J020504.9+321230,quasar,31.270522343541668,32.208359877805556,,,,,"{""catalogue"": ""ICRF3-K""}"
ICRF J020626.0-115039,quasar,31.608686383333332,-11.8443679715,,,,,"{""catalogue"": ""ICRF3-K""}"
ICRF J020703.0+624612,quasar,31.762569956750003,62.77001882933333,,,,,"{""catalogue"": ""ICRF3-K""}"
ICRF J021542.0-022256,quasar,33.92507207954167,-2.382431334777778,,,,,"{""catalogue"": ""ICRF3-K""}"
ICRF J021730.8+734932,quasar,34.37838929916667,73.82572817602778,,,,,"{""catalogue"": ""ICRF3-K""}"
ICRF J022105.4+355613,quasar,35.27278436079167,35.93714903466666,,,,,"{""catalogue"": ""ICRF3-K""}"
ICRF J022239.6+430207,quasar,35.66504787191667,43.035499687194445,,,,,"{""catalogue"": ""ICRF3-K""}"
ICRF J022256.4-344128,quasar,35.73500671920833,-34.69131394419444,,,,,"{""catalogue"": ""ICRF3-K""}"
ICRF J022329.6+630717,quasar,35.873362665875,63.12147368283333,,,,,"{""catalogue"": ""ICRF3-K""}"
ICRF J022330.8-534739,quasar,35.878645200708334,-53.79441685644444,,,,,"{""catalogue"": ""ICRF3-K""}"
ICRF J022428.4+065923,quasar,36.11845078941667,6.989817137944445,,,,,"{""catalogue"": ""ICRF3-K""}"
ICRF J022504.6+184648,quasar,36.269453564833334,18.780213063083334,,,,,"{""catalogue"": ""ICRF3-K""}"
ICRF J022510.8-260318,quasar,36.29537319608333,-26.05522143611111,,,,,"{""catalogue"": ""ICRF3-K""}"
ICRF J022850.0+672103,quasar,37.20854783558334,67.35084148266667,,,,,"{""catalogue"": ""ICRF3-K""}"
ICRF J023111.8-474611,quasar,37.79918364733334,-47.769884042305556,,,,,"{""catalogue"": ""ICRF3-K""}"
ICRF J023145.8+132254,quasar,37.941225144,13.381865657027777,,,,,"{""catalogue"": ""ICRF3-K""}"
ICRF J023151.8-393547,quasar,37.96590139695833,-39.59646224708334,,,,,"{""catalogue"": ""ICRF3-K""}"
ICRF J023653.2-613615,quasar,39.22185738370833,-61.60421753966667,,,,,"{""catalogue"": ""ICRF3-K""}"
ICRF J023752.4+284808,quasar,39.46835697525,28.802497218472222,,,,,"{""catalogue"": ""ICRF3-K""}"
ICRF J023838.9+163659,quasar,39.66220875145834,16.616465171277778,,,,,"{""catalogue"": ""ICRF3-K""}"
ICRF J023945.4-023440,quasar,39.93946778525,-2.578031781444444,,,,,"{""catalogue"": ""ICRF3-K""}"
ICRF J023951.2+041621,quasar,39.963595993,4.27261442575,,,,,"{""catalogue"": ""ICRF3-K""}"
ICRF J024229.1+110100,quasar,40.621545197833335,11.016868843777779,,,,,"{""catalogue"": ""ICRF3-K""}"
ICRF J024457.6+622806,quasar,41.24040302954167,62.468476535583335,,,,,"{""catalogue"": ""ICRF3-K""}"
ICRF J024600.1-465117,quasar,41.500491700125,-46.85478673191667,,,,,"{""catalogue"": ""ICRF3-K""}"
ICRF J024631.1+341126,quasar,41.629927642041665,34.190736034749996,,,,,"{""catalogue"": ""ICRF3-K""}"
ICRF J024807.7-163146,quasar,42.03221762316666,-16.529551654944445,,,,,"{""catalogue"": ""ICRF3-K""}"
ICRF J025035.5-262742,quasar,42.64820492083334,-26.46180984522222,,,,,"{""catalogue"": ""ICRF3-K""}"
ICRF J025154.6+561619,quasar,42.977617119875006,56.27208989822222,,,,,"{""catalogue"": ""ICRF3-K""}"
ICRF J025207.7+171842,quasar,43.032161251875,17.31185793338889,,,,,"{""catalogue"": ""ICRF3-K""}"
ICRF J025308.8+383524,quasar,43.287033662583326,38.59027754230556,,,,,"{""catalogue"": ""ICRF3-K""}"
ICRF J025329.1-544151,quasar,43.37158505804167,-54.697621093888884,,,,,"{""catalogue"": ""ICRF3-K""}"
ICRF J025333.6+321720,quasar,43.390208902208336,32.28913669666667,,,,,"{""catalogue"": ""ICRF3-K""}"
ICRF J025334.8+180542,quasar,43.395342651625,18.095145634138888,,,,,"{""catalogue"": ""ICRF3-K""}"
ICRF J025745.6+184705,quasar,44.440118574416665,18.784822265250003,,,,,"{""catalogue"": ""ICRF3-K""}"
ICRF J025928.5-001959,quasar,44.868817346458336,-0.3333265378888889,,,,,"{""catalogue"": ""ICRF3-K""}"
ICRF J025929.6+192544,quasar,44.8735663715,19.428979905944445,,,,,"{""catalogue"": ""ICRF3-K""}"
ICRF J030138.4-715634,quasar,45.410191076541665,-71.94288872136111,,,,,"{""catalogue"": ""ICRF3-K""}"
ICRF J030222.7+533146,quasar,45.59473103245833,53.52957901394444,,,,,"{""catalogue"": ""ICRF3-K""}"
ICRF J030335.2+471616,quasar,45.89684256066666,47.271187622999996,,,,,"{""catalogue"": ""ICRF3-K""}"
ICRF J030350.6-621125,quasar,45.960964310166666,-62.19043048147222,,,,,"{""catalogue"": ""ICRF3-K""}"
ICRF J030422.0+682137,quasar,46.091682817875004,68.36040955791665,,,,,"{""catalogue"": ""ICRF3-K""}"
ICRF J030548.1+052331,quasar,46.45079847104167,5.392090694111111,,,,,"{""catalogue"": ""ICRF3-K""}"
ICRF J030642.6+624302,quasar,46.677748148166664,62.71722886097223,,,,,"{""catalogue"": ""ICRF3-K""}"
ICRF J030903.6+102916,quasar,47.265097869875,10.487872528055554,,,,,"{""catalogue"": ""ICRF3-K""}"
ICRF J030956.0-605839,quasar,47.48374661045833,-60.97751549352778,,,,,"{""catalogue"": ""ICRF3-K""}"
ICRF J031301.9+412001,quasar,48.25817551304167,41.33366206952778,,,,,"{""catalogue"": ""ICRF3-K""}"
ICRF J032444.2-291821,quasar,51.18456436270833,-29.305893508916668,,,,,"{""catalogue"": ""ICRF3-K""}"
ICRF J032536.8+222400,quasar,51.403393153541664,22.40010156011111,,,,,"{""catalogue"": ""ICRF3-K""}"
ICRF J032954.0-235708,quasar,52.47531480325,-23.952437141527778,,,,,"{""catalogue"": ""ICRF3-K""}"
ICRF J032957.6+275615,quasar,52.49028918979167,27.93763870638889,,,,,"{""catalogue"": ""ICRF3-K""}"
ICRF J033413.6-400825,quasar,53.55689385133333,-40.14038817438889,,,,,"{""catalogue"": ""ICRF3-K""}"
ICRF J033453.3+080014,quasar,53.72215290062499,8.004005251277778,,,,,"{""catalogue"": ""ICRF3-K""}"
ICRF J033630.1+321829,quasar,54.12544834608333,32.308150617694444,,,,,"{""catalogue"": ""ICRF3-K""}"
ICRF J033635.0-130204,quasar,54.14598259441667,-13.034627726138888,,,,,"{""catalogue"": ""ICRF3-K""}"
ICRF J033930.9-014635,quasar,54.878907432125,-1.776612260861111,,,,,"{""catalogue"": ""ICRF3-K""}"
ICRF J034010.7+473227,quasar,55.044953533333334,47.54092084111111,,,,,"{""catalogue"": ""ICRF3-K""}"
ICRF J034328.9+362212,quasar,55.87063506316667,36.370119449583335,,,,,"{""catalogue"": ""ICRF3-K""}"
ICRF J034441.4+682747,quasar,56.17267164704167,68.46328064891667,,,,,"{""catalogue"": ""ICRF3-K""}"
ICRF J034506.4+145349,quasar,56.27673547975,14.897099517333332,,,,,"{""catalogue"": ""ICRF3-K""}"
ICRF J034634.5+540059,quasar,56.64376718383333,54.01641924588889,,,,,"{""catalogue"": ""ICRF3-K""}"
ICRF J034711.6+484237,quasar,56.79838894225,48.71040920986111,,,,,"{""catalogue"": ""ICRF3-K""}"
ICRF J034756.8+555731,quasar,56.98671689333333,55.958771769500004,,,,,"{""catalogue"": ""ICRF3-K""}"
ICRF J034838.1-274913,quasar,57.15893575479166,-27.820434993583333,,,,,"{""catalogue"": ""ICRF3-K""}"
ICRF J034918.7+460959,quasar,57.32808986254166,46.166571634444445,,,,,"{""catalogue"": ""ICRF3-K""}"
ICRF J035430.0+464318,quasar,58.625048571458336,46.72187492155556,,,,,"{""catalogue"": ""ICRF3-K""}"
ICRF J035446.1+800928,quasar,58.69219162133333,80.15801313625,,,,,"{""catalogue"": ""ICRF3-K""}"
ICRF J035516.5+390909,quasar,58.81912710995833,39.15272374463889,,,,,"{""catalogue"": ""ICRF3-K""}"
ICRF J035608.4+290342,quasar,59.035258110375004,29.061755601194445,,,,,"{""catalogue"": ""ICRF3-K""}"
ICRF J035721.6+231953,quasar,59.34004118754167,23.331618170416668,,,,,"{""catalogue"": ""ICRF3-K""}"
ICRF J035830.1+560644,quasar,59.62578400120834,56.11235017777778,,,,,"{""catalogue"": ""ICRF3-K""}"
ICRF J035929.7+505750,quasar,59.8739469885,50.963933849250004,,,,,"{""catalogue"": ""ICRF3-K""}"
ICRF J035944.9+322047,quasar,59.937137213583334,32.34643222783333,,,,,"{""catalogue"": ""ICRF3-K""}"
ICRF J040119.9+041334,quasar,60.332970729833335,4.226224222444444,,,,,"{""catalogue"": ""ICRF3-K""}"
ICRF J040145.1+211028,quasar,60.438191970999995,21.17460752277778,,,,,"{""catalogue"": ""ICRF3-K""}"
ICRF J040221.2-314725,quasar,60.58860820566666,-31.790540287194446,,,,,"{""catalogue"": ""ICRF3-K""}"
ICRF J040305.5+260001,quasar,60.773275270499994,26.000417446833332,,,,,"{""catalogue"": ""ICRF3-K""}"
ICRF J040341.7-244408,quasar,60.92390022208333,-24.735682862,,,,,"{""catalogue"": ""ICRF3-K""}"
ICRF J040353.7-360501,quasar,60.97395793049999,-36.08386482641667,,,,,"{""catalogue"": ""ICRF3-K""}"
ICRF J040534.0-130813,quasar,61.39168085054167,-13.137136448222222,,,,,"{""catalogue"": ""ICRF3-K""}"
ICRF J040659.0-382628,quasar,61.745980654458336,-38.44112278302777,,,,,"{""catalogue"": ""ICRF3-K""}"
ICRF J040733.9-330346,quasar,61.891307212958324,-33.062877186638886,,,,,"{""catalogue"": ""ICRF3-K""}"
ICRF J040748.4-121136,quasar,61.951795786249996,-12.1935164695,,,,,"{""catalogue"": ""ICRF3-K""}"
ICRF J040905.7-123848,quasar,62.27404052737501,-12.646706626972222,,,,,"{""catalogue"": ""ICRF3-K""}"
ICRF J040922.0+121739,quasar,62.34170294791668,12.294402142916667,,,,,"{""catalogue"": ""ICRF3-K""}"
ICRF J041243.6+230505,quasar,63.181945354374996,23.084847912388888,,,,,"{""catalogue"": ""ICRF3-K""}"
ICRF J041556.5+445249,quasar,63.985527089916665,44.880467666166666,,,,,"{""catalogue"": ""ICRF3-K""}"
ICRF J041636.5-185108,quasar,64.15226857325,-18.852316732111113,,,,,"{""catalogue"": ""ICRF3-K""}"
ICRF J041919.4+572259,quasar,64.83088739629166,57.38332902025,,,,,"{""catalogue"": ""ICRF3-K""}"
ICRF J041922.5+395528,quasar,64.843956321875,39.92471598758333,,,,,"{""catalogue"": ""ICRF3-K""}"
ICRF J042244.3+532426,quasar,65.684995402375,53.40729519158333,,,,,"{""catalogue"": ""ICRF3-K""}"
ICRF J042252.2+021926,quasar,65.717561046,2.3241474448333332,,,,,"{""catalogue"": ""ICRF3-K""}"
ICRF J042315.8-012033,quasar,65.81583633975,-1.3425182328055554,,,,,"{""catalogue"": ""ICRF3-K""}"
ICRF J042356.0+415002,quasar,65.98337416400001,41.834086964250005,,,,,"{""catalogue"": ""ICRF3-K""}"
ICRF J042439.1+463632,quasar,66.16318879958334,46.60896687336111,,,,,"{""catalogue"": ""ICRF3-K""}"
ICRF J042442.2-375620,quasar,66.17601538633335,-37.939106816527776,,,,,"{""catalogue"": ""ICRF3-K""}"
ICRF J042446.8+003606,quasar,66.195175246375,0.6017581467777777,,,,,"{""catalogue"": ""ICRF3-K""}"
ICRF J042747.5+045708,quasar,66.94821060245833,4.952312592222222,,,,,"{""catalogue"": ""ICRF3-K""}"
ICRF J042840.4-375619,quasar,67.168434487875,-37.938772343138886,,,,,"{""catalogue"": ""ICRF3-K""}"
ICRF J042952.9+272437,quasar,67.47066991633334,27.410521178638888,,,,,"{""catalogue"": ""ICRF3-K""}"
ICRF J043157.3+173135,quasar,67.98908011391667,17.526604300416665,,,,,"{""catalogue"": ""ICRF3-K""}"
ICRF J043236.5+413828,quasar,68.15209806283333,41.64123821947222,,,,,"{""catalogue"": ""ICRF3-K""}"
ICRF J043240.3+450013,quasar,68.16825558299999,45.00382253436111,,,,,"{""catalogue"": ""ICRF3-K""}"
ICRF J043244.5-330911,quasar,68.18568424783334,-33.1533136345,,,,,"{""catalogue"": ""ICRF3-K""}"
ICRF J043311.0+052115,quasar,68.29623153679167,5.354338779333333,,,,,"{""catalogue"": ""ICRF3-K""}"
ICRF J043337.8+290555,quasar,68.407624393375,29.09874368136111,,,,,"{""catalogue"": ""ICRF3-K""}"
ICRF J043701.4-184448,quasar,69.256178073,-18.746837173916667,,,,,"{""catalogue"": ""ICRF3-K""}"
ICRF J043704.3-714820,quasar,69.26824342354168,-71.80560125325,,,,,"{""catalogue"": ""ICRF3-K""}"
ICRF J043835.0-125103,quasar,69.64592086587498,-12.85093305875,,,,,"{""catalogue"": ""ICRF3-K""}"
ICRF J044017.1-433308,quasar,70.07158334212501,-43.55238998269444,,,,,"{""catalogue"": ""ICRF3-K""}"
ICRF J044047.7-695218,quasar,70.19898916945834,-69.87169056699999,,,,,"{""catalogue"": ""ICRF3-K""}"
ICRF J044611.4+390017,quasar,71.5478917575,39.00474993066667,,,,,"{""catalogue"": ""ICRF3-K""}"
ICRF J044907.6+112128,quasar,72.28196292066667,11.357943454499999,,,,,"{""catalogue"": ""ICRF3-K""}"
ICRF J045005.4-810102,quasar,72.522667759125,-81.017286441,,,,,"{""catalogue"": ""ICRF3-K""}"
ICRF J045043.6+405613,quasar,72.68199831941666,40.937213235972216,,,,,"{""catalogue"": ""ICRF3-K""}"
ICRF J045051.9+224905,quasar,72.71643614833333,22.818305178833334,,,,,"{""catalogue"": ""ICRF3-K""}"
ICRF J045118.7+593532,quasar,72.828007516,59.59227321302778,,,,,"{""catalogue"": ""ICRF3-K""}"
ICRF J045302.2+012835,quasar,73.25932755120833,1.4765634976944446,,,,,"{""catalogue"": ""ICRF3-K""}"
ICRF J045314.6-280737,quasar,73.31102833691666,-28.127035266638888,,,,,"{""catalogue"": ""ICRF3-K""}"
ICRF J045550.7-461558,quasar,73.96155216637501,-46.266299904166665,,,,,"{""catalogue"": ""ICRF3-K""}"
ICRF J045703.1-232452,quasar,74.26324677741667,-23.414450087055553,,,,,"{""catalogue"": ""ICRF3-K""}"
ICRF J045854.8+550842,quasar,74.72850037845834,55.14501639252778,,,,,"{""catalogue"": ""ICRF3-K""}"
ICRF J050112.8-015914,quasar,75.303374474625,-1.9872934160277778,,,,,"{""catalogue"": ""ICRF3-K""}"
ICRF J050145.2+135607,quasar,75.43862846891666,13.93533885038889,,,,,"{""catalogue"": ""ICRF3-K""}"
ICRF J050233.2+133810,quasar,75.63841466654166,13.636377468305556,,,,,"{""catalogue"": ""ICRF3-K""}"
ICRF J050237.9+413919,quasar,75.65828425575,41.65537434697222,,,,,"{""catalogue"": ""ICRF3-K""}"
ICRF J050258.4+251625,quasar,75.743644865875,25.273687659805553,,,,,"{""catalogue"": ""ICRF3-K""}"
ICRF J050454.3+280231,quasar,76.226277014875,28.042217032305558,,,,,"{""catalogue"": ""ICRF3-K""}"
ICRF J050523.1+045942,quasar,76.34660301991667,4.995201262277778,,,,,"{""catalogue"": ""ICRF3-K""}"
ICRF J050555.8-293038,quasar,76.48270563491667,-29.510667043055555,,,,,"{""catalogue"": ""ICRF3-K""}"
ICRF J050925.9+054135,quasar,77.35818527591667,5.693148215527778,,,,,"{""catalogue"": ""ICRF3-K""}"
ICRF J050927.4+101144,quasar,77.3644044495,10.195722253444444,,,,,"{""catalogue"": ""ICRF3-K""}"
ICRF J050948.8+395154,quasar,77.45340591916667,39.865173239916665,,,,,"{""catalogue"": ""ICRF3-K""}"
ICRF J051002.3+180041,quasar,77.50987135995834,18.01155046127778,,,,,"{""catalogue"": ""ICRF3-K""}"
ICRF J051138.3+135719,quasar,77.90966530633334,13.955331533666666,,,,,"{""catalogue"": ""ICRF3-K""}"
ICRF J051349.1-215916,quasar,78.45464302054167,-21.987803366805558,,,,,"{""catalogue"": ""ICRF3-K""}"
ICRF J051418.6+560211,quasar,78.577915015,56.03640361397222,,,,,"{""catalogue"": ""ICRF3-K""}"
ICRF J051545.2-455643,quasar,78.9385420755,-45.94533265072222,,,,,"{""catalogue"": ""ICRF3-K""}"
ICRF J051644.9-620705,quasar,79.18719246175,-62.11816366211111,,,,,"{""catalogue"": ""ICRF3-K""}"
ICRF J051803.8+205452,quasar,79.51593549370833,20.91458260447222,,,,,"{""catalogue"": ""ICRF3-K""}"
ICRF J051805.1+330613,quasar,79.52142692904167,33.103712374333334,,,,,"{""catalogue"": ""ICRF3-K""}"
ICRF J052234.4-610757,quasar,80.64343971879165,-61.13253697211111,,,,,"{""catalogue"": ""ICRF3-K""}"
ICRF J052244.6-162752,quasar,80.68606238345834,-16.464557385,,,,,"{""catalogue"": ""ICRF3-K""}"
ICRF J052257.9-362730,quasar,80.74160272295833,-36.458569881861116,,,,,"{""catalogue"": ""ICRF3-K""}"
ICRF J052732.7+033131,quasar,81.88627267400001,3.5254212385277777,,,,,"{""catalogue"": ""ICRF3-K""}"
ICRF J052930.0-724528,quasar,82.375175943,-72.75791856322222,,,,,"{""catalogue"": ""ICRF3-K""}"
ICRF J052953.5-051941,quasar,82.47305630475,-5.328227024666666,,,,,"{""catalogue"": ""ICRF3-K""}"
ICRF J053056.4+133155,quasar,82.73506974020833,13.53198595863889,,,,,"{""catalogue"": ""ICRF3-K""}"
ICRF J053315.8+482252,quasar,83.31610743854166,48.381335479777775,,,,,"{""catalogue"": ""ICRF3-K""}"
ICRF J053628.4-340111,quasar,84.11846819549999,-34.01985224869444,,,,,"{""catalogue"": ""ICRF3-K""}"
ICRF J053850.3-440508,quasar,84.70983980458332,-44.085816467305555,,,,,"{""catalogue"": ""ICRF3-K""}"
ICRF J053942.3+143345,quasar,84.92652495795835,14.562656001972224,,,,,"{""catalogue"": ""ICRF3-K""}"
ICRF J053954.2-283955,quasar,84.97617278775,-28.665541106527776,,,,,"{""catalogue"": ""ICRF3-K""}"
ICRF J054044.4+391612,quasar,85.18516049095834,39.27006516825,,,,,"{""catalogue"": ""ICRF3-K""}"
ICRF J054045.8-541822,quasar,85.19103356279167,-54.306137683138886,,,,,"{""catalogue"": ""ICRF3-K""}"
ICRF J054114.7+555043,quasar,85.31149065666668,55.84543622275,,,,,"{""catalogue"": ""ICRF3-K""}"
ICRF J054706.2+122346,quasar,86.77615126516667,12.396179104777778,,,,,"{""catalogue"": ""ICRF3-K""}"
ICRF J054734.1+272156,quasar,86.89228716845832,27.36578955527778,,,,,"{""catalogue"": ""ICRF3-K""}"
ICRF J055009.5-573224,quasar,87.53991740591665,-57.54011021375,,,,,"{""catalogue"": ""ICRF3-K""}"
ICRF J055047.3+232648,quasar,87.697462021875,23.4467158405,,,,,"{""catalogue"": ""ICRF3-K""}"
ICRF J055111.2+082911,quasar,87.796788939125,8.486450559666666,,,,,"{""catalogue"": ""ICRF3-K""}"
ICRF J055207.0+200719,quasar,88.02917229366668,20.122163251916668,,,,,"{""catalogue"": ""ICRF3-K""}"
ICRF J055225.8+191340,quasar,88.10785426495833,19.22785212736111,,,,,"{""catalogue"": ""ICRF3-K""}"
ICRF J055409.5+354131,quasar,88.53970518850001,35.692055925944445,,,,,"{""catalogue"": ""ICRF3-K""}"
ICRF J055530.8+394849,quasar,88.87835669270834,39.81365695402778,,,,,"{""catalogue"": ""ICRF3-K""}"
ICRF J055704.7+241355,quasar,89.26963992870834,24.232027356249997,,,,,"{""catalogue"": ""ICRF3-K""}"
ICRF J055932.0+235353,quasar,89.88347136675,23.89831292936111,,,,,"{""catalogue"": ""ICRF3-K""}"
ICRF J060111.2-703608,quasar,90.29686592908334,-70.60244215952777,,,,,"{""catalogue"": ""ICRF3-K""}"
ICRF J060147.3+232453,quasar,90.44732095833334,23.414856915777776,,,,,"{""catalogue"": ""ICRF3-K""}"
ICRF J060309.1+174216,quasar,90.78804276383333,17.704669540444442,,,,,"{""catalogue"": ""ICRF3-K""}"
ICRF J060425.1-422530,quasar,91.10489438179167,-42.42502592583333,,,,,"{""catalogue"": ""ICRF3-K""}"
ICRF J060449.3+105540,quasar,91.20570671670833,10.927881831444443,,,,,"{""catalogue"": ""ICRF3-K""}"
ICRF J060455.1+242955,quasar,91.22967261945834,24.498621299722224,,,,,"{""catalogue"": ""ICRF3-K""}"
ICRF J060752.6+672055,quasar,91.96946503645833,67.34872499652778,,,,,"{""catalogue"": ""ICRF3-K""}"
ICRF J060759.6-083449,quasar,91.99874682212499,-8.580549598833333,,,,,"{""catalogue"": ""ICRF3-K""}"
ICRF J060849.0-545642,quasar,92.20441497079167,-54.945245590027774,,,,,"{""catalogue"": ""ICRF3-K""}"
ICRF J060859.6-222020,quasar,92.24869520233335,-22.339154681277776,,,,,"{""catalogue"": ""ICRF3-K""}"
ICRF J060940.9-154240,quasar,92.42062305850001,-15.711298053277778,,,,,"{""catalogue"": ""ICRF3-K""}"
ICRF J061350.1+260436,quasar,93.458913176375,26.076866598916666,,,,,"{""catalogue"": ""ICRF3-K""}"
ICRF J061357.6+130645,quasar,93.4903864625,13.112611319666666,,,,,"{""catalogue"": ""ICRF3-K""}"
ICRF J062518.2+444001,quasar,96.326105720875,44.66711839786111,,,,,"{""catalogue"": ""ICRF3-K""}"
ICRF J063101.0+202059,quasar,97.75442732883333,20.349780807638886,,,,,"{""catalogue"": ""ICRF3-K""}"
ICRF J063111.9-415426,quasar,97.79999185920832,-41.90748533597222,,,,,"{""catalogue"": ""ICRF3-K""}"
ICRF J063648.3-054707,quasar,99.20137295808333,-5.785429498138889,,,,,"{""catalogue"": ""ICRF3-K""}"
ICRF J063802.8+593322,quasar,99.51196636041666,59.55617051686111,,,,,"{""catalogue"": ""ICRF3-K""}"
ICRF J063910.9+021130,quasar,99.79560921975,2.191856909111111,,,,,"{""catalogue"": ""ICRF3-K""}"
ICRF J064151.1-032048,quasar,100.46305389208334,-3.346828436527778,,,,,"{""catalogue"": ""ICRF3-K""}"
ICRF J064206.1+881155,quasar,100.525565362875,88.19861544072222,,,,,"{""catalogue"": ""ICRF3-K""}"
ICRF J064258.1+350918,quasar,100.74224837904167,35.15510515230555,,,,,"{""catalogue"": ""ICRF3-K""}"
ICRF J064326.4+085738,quasar,100.86018760820834,8.960558896666665,,,,,"{""catalogue"": ""ICRF3-K""}"
ICRF J064428.0-671257,quasar,101.116850389375,-67.2159328286389,,,,,"{""catalogue"": ""ICRF3-K""}"
ICRF J064453.7+391447,quasar,101.22378990729166,39.24653717286111,,,,,"{""catalogue"": ""ICRF3-K""}"
ICRF J064632.0+445116,quasar,101.63344159458333,44.85460834175,,,,,"{""catalogue"": ""ICRF3-K""}"
ICRF J064814.0-304419,quasar,102.05873527224999,-30.738794408083333,,,,,"{""catalogue"": ""ICRF3-K""}"
ICRF J065024.5-163739,quasar,102.60242437125,-16.6277015475,,,,,"{""catalogue"": ""ICRF3-K""}"
ICRF J065705.6+242355,quasar,104.27364791925001,24.398720615722223,,,,,"{""catalogue"": ""ICRF3-K""}"
ICRF J065917.9+081330,quasar,104.82498338495833,8.225264939277778,,,,,"{""catalogue"": ""ICRF3-K""}"
ICRF J070001.5+170921,quasar,105.006356416625,17.156028143388887,,,,,"{""catalogue"": ""ICRF3-K""}"
ICRF J070134.5-463436,quasar,105.39394463054167,-46.57684060691667,,,,,"{""catalogue"": ""ICRF3-K""}"
ICRF J070242.9-195122,quasar,105.67875277041666,-19.856120957722222,,,,,"{""catalogue"": ""ICRF3-K""}"
ICRF J070945.0-025517,quasar,107.43772750791668,-2.9215268903333333,,,,,"{""catalogue"": ""ICRF3-K""}"
ICRF J071046.1+473211,quasar,107.692103656,47.53642846030555,,,,,"{""catalogue"": ""ICRF3-K""}"
ICRF J071243.6+503322,quasar,108.182014959375,50.55630753322222,,,,,"{""catalogue"": ""ICRF3-K""}"
ICRF J071355.6+193500,quasar,108.48199652491667,19.583446933583332,,,,,"{""catalogue"": ""ICRF3-K""}"
ICRF J071436.1+740810,quasar,108.65052091329167,74.13615120572223,,,,,"{""catalogue"": ""ICRF3-K""}"
ICRF J071919.4+330709,quasar,109.83091531616667,33.11936343336111,,,,,"{""catalogue"": ""ICRF3-K""}"
ICRF J072021.4+473744,quasar,110.08957398608334,47.62892356927778,,,,,"{""catalogue"": ""ICRF3-K""}"
ICRF J072153.4+712036,quasar,110.47270193083334,71.34343426630555,,,,,"{""catalogue"": ""ICRF3-K""}"
ICRF J072417.2-071520,quasar,111.07205257670834,-7.2556533886666665,,,,,"{""catalogue"": ""ICRF3-K""}"
ICRF J072516.8+142513,quasar,111.32003235033335,14.420485144638889,,,,,"{""catalogue"": ""ICRF3-K""}"
ICRF J072524.4-264032,quasar,111.35172139633333,-26.67574423711111,,,,,"{""catalogue"": ""ICRF3-K""}"
ICRF J072550.6-005456,quasar,111.46099985129167,-0.9157067890833334,,,,,"{""catalogue"": ""ICRF3-K""}"
ICRF J072820.6+215306,quasar,112.08586791283334,21.885108379277778,,,,,"{""catalogue"": ""ICRF3-K""}"
ICRF J073019.1-114112,quasar,112.57963529041668,-11.686833516861112,,,,,"{""catalogue"": ""ICRF3-K""}"
ICRF J073106.6-234147,quasar,112.77778337041667,-23.696630858666666,,,,,"{""catalogue"": ""ICRF3-K""}"
ICRF J073131.5-222420,quasar,112.88128524708333,-22.405796019555556,,,,,"{""catalogue"": ""ICRF3-K""}"
ICRF J073133.7+245158,quasar,112.89060607854167,24.866277352250002,,,,,"{""catalogue"": ""ICRF3-K""}"
ICRF J073222.7+015035,quasar,113.094952867375,1.8431622590555556,,,,,"{""catalogue"": ""ICRF3-K""}"
ICRF J073352.5+502209,quasar,113.46883572570833,50.36918391291667,,,,,"{""catalogue"": ""ICRF3-K""}"
ICRF J073357.4+045614,quasar,113.48941621583333,4.937360107861111,,,,,"{""catalogue"": ""ICRF3-K""}"
ICRF J073807.3+174218,quasar,114.53080728437499,17.705277250916666,,,,,"{""catalogue"": ""ICRF3-K""}"
ICRF J073918.0+013704,quasar,114.82514125466668,1.6179493586944445,,,,,"{""catalogue"": ""ICRF3-K""}"
ICRF J074320.4-561932,quasar,115.83535475820833,-56.32582176416667,,,,,"{""catalogue"": ""ICRF3-K""}"
ICRF J074331.6-672625,quasar,115.881716149375,-67.44042956738889,,,,,"{""catalogue"": ""ICRF3-K""}"
ICRF J074447.2+212000,quasar,116.19698634562499,21.333451920527775,,,,,"{""catalogue"": ""ICRF3-K""}"
ICRF J074505.9+261409,quasar,116.27467716150001,26.236047470333336,,,,,"{""catalogue"": ""ICRF3-K""}"
ICRF J074510.2-245143,quasar,116.29276433733332,-24.862157120611112,,,,,"{""catalogue"": ""ICRF3-K""}"
ICRF J074554.0-004417,quasar,116.47534295833333,-0.7382056207777777,,,,,"{""catalogue"": ""ICRF3-K""}"
ICRF J074618.2-155534,quasar,116.575983425625,-15.926318464527776,,,,,"{""catalogue"": ""ICRF3-K""}"
ICRF J074625.8+254902,quasar,116.60780907004167,25.817259613,,,,,"{""catalogue"": ""ICRF3-K""}"
ICRF J074836.1+240024,quasar,117.15045533899999,24.006697190833332,,,,,"{""catalogue"": ""ICRF3-K""}"
ICRF J075020.4+481453,quasar,117.58515134820833,48.248210197527776,,,,,"{""catalogue"": ""ICRF3-K""}"
ICRF J075052.0+123104,quasar,117.71685725458333,12.518007852611111,,,,,"{""catalogue"": ""ICRF3-K""}"
ICRF J075301.3+535259,quasar,118.25576904599998,53.88323251586111,,,,,"{""catalogue"": ""ICRF3-K""}"
ICRF J075537.0+254239,quasar,118.90430302458333,25.71083971186111,,,,,"{""catalogue"": ""ICRF3-K""}"
ICRF J075706.6+095634,quasar,119.27767895970834,9.943014534944444,,,,,"{""catalogue"": ""ICRF3-K""}"
ICRF J080248.0+180949,quasar,120.70013319183333,18.16368036575,,,,,"{""catalogue"": ""ICRF3-K""}"
ICRF J080451.4-274911,quasar,121.21438000333332,-27.81981146758333,,,,,"{""catalogue"": ""ICRF3-K""}"
ICRF J080815.5-075109,quasar,122.06473347416667,-7.852746261638888,,,,,"{""catalogue"": ""ICRF3-K""}"
ICRF J080839.6+495036,quasar,122.1652762315,49.84348062369445,,,,,"{""catalogue"": ""ICRF3-K""}"
ICRF J080856.6+405244,quasar,122.23605020008334,40.87913581191667,,,,,"{""catalogue"": ""ICRF3-K""}"
ICRF J081108.8-492943,quasar,122.78667980633332,-49.495420136,,,,,"{""catalogue"": ""ICRF3-K""}"
ICRF J081126.7+014652,quasar,122.86128046924999,1.7811722341944445,,,,,"{""catalogue"": ""ICRF3-K""}"
ICRF J081525.9+363515,quasar,123.85810357304167,36.587541295,,,,,"{""catalogue"": ""ICRF3-K""}"
ICRF J081640.4-242106,quasar,124.16838482170833,-24.351825113944447,,,,,"{""catalogue"": ""ICRF3-K""}"
ICRF J081815.9+422245,quasar,124.56666504704167,42.37928191625,,,,,"{""catalogue"": ""ICRF3-K""}"
ICRF J082433.0+243843,quasar,126.13753876129168,24.645309959833334,,,,,"{""catalogue"": ""ICRF3-K""}"
ICRF J082447.2+555242,quasar,126.19681809475,55.878519278666666,,,,,"{""catalogue"": ""ICRF3-K""}"
ICRF J082455.4+391641,quasar,126.231182734125,39.278306672666666,,,,,"{""catalogue"": ""ICRF3-K""}"
ICRF J082550.3+030924,quasar,126.45974315566666,3.156811112472222,,,,,"{""catalogue"": ""ICRF3-K""}"
ICRF J082654.4+125702,quasar,126.72698105170835,12.950582046638889,,,,,"{""catalogue"": ""ICRF3-K""}"
ICRF J082804.7-373106,quasar,127.01991759266667,-37.51841154172222,,,,,"{""catalogue"": ""ICRF3-K""}"
ICRF J083052.0+241059,quasar,127.71702577824999,24.183283424833334,,,,,"{""catalogue"": ""ICRF3-K""}"
ICRF J083639.2-201659,quasar,129.16339684445833,-20.28319557558333,,,,,"{""catalogue"": ""ICRF3-K""}"
ICRF J083700.3-340914,quasar,129.25131938029168,-34.154127572027775,,,,,"{""catalogue"": ""ICRF3-K""}"
ICRF J083740.2+245423,quasar,129.41769033745834,24.90642263511111,,,,,"{""catalogue"": ""ICRF3-K""}"
ICRF J084047.5+131223,quasar,130.19828505141666,13.206545492666667,,,,,"{""catalogue"": ""ICRF3-K""}"
ICRF J084205.0+183540,quasar,130.52122568979166,18.594719398833334,,,,,"{""catalogue"": ""ICRF3-K""}"
ICRF J084215.3+452544,quasar,130.56396554833333,45.42893920708333,,,,,"{""catalogue"": ""ICRF3-K""}"
ICRF J084226.5-605350,quasar,130.61067139612499,-60.897333657472224,,,,,"{""catalogue"": ""ICRF3-K""}"
ICRF J084502.4-545808,quasar,131.26034456600001,-54.969038882944446,,,,,"{""catalogue"": ""ICRF3-K""}"
ICRF J084549.6-555526,quasar,131.45699908716668,-55.92409498533333,,,,,"{""catalogue"": ""ICRF3-K""}"
ICRF J084758.7-052033,quasar,131.994687164375,-5.342750067833333,,,,,"{""catalogue"": ""ICRF3-K""}"
ICRF J084945.6-354101,quasar,132.440097778,-35.68368853302778,,,,,"{""catalogue"": ""ICRF3-K""}"
ICRF J085009.6-121335,quasar,132.540148484,-12.226493363305556,,,,,"{""catalogue"": ""ICRF3-K""}"
ICRF J085238.7-575529,quasar,133.16135780991667,-57.92494693158333,,,,,"{""catalogue"": ""ICRF3-K""}"
ICRF J085317.8+281349,quasar,133.32428513604165,28.230554835805552,,,,,"{""catalogue"": ""ICRF3-K""}"
ICRF J085441.9+575729,quasar,133.67498480116666,57.958316582361114,,,,,"{""catalogue"": ""ICRF3-K""}"
ICRF J085448.8+200630,quasar,133.70364551145835,20.1085113325,,,,,"{""catalogue"": ""ICRF3-K""}"
ICRF J085641.8-110514,quasar,134.17418397804167,-11.087341776111112,,,,,"{""catalogue"": ""ICRF3-K""}"
ICRF J090216.8-141530,quasar,135.570128796,-14.258576586777778,,,,,"{""catalogue"": ""ICRF3-K""}"
ICRF J090303.9+465104,quasar,135.766625390625,46.85114926441667,,,,,"{""catalogue"": ""ICRF3-K""}"
ICRF J090630.7+693030,quasar,136.62811976287497,69.50856348861112,,,,,"{""catalogue"": ""ICRF3-K""}"
ICRF J090651.3-201954,quasar,136.71377232075,-20.331890320583334,,,,,"{""catalogue"": ""ICRF3-K""}"
ICRF J090855.9+160954,quasar,137.23302222441666,16.165212155916667,,,,,"{""catalogue"": ""ICRF3-K""}"
ICRF J090910.0+012135,quasar,137.292048340875,1.3598937570555556,,,,,"{""catalogue"": ""ICRF3-K""}"
ICRF J091437.9+024559,quasar,138.65797263358334,2.766457281166667,,,,,"{""catalogue"": ""ICRF3-K""}"
ICRF J091908.7+332441,quasar,139.78661307587498,33.4116508825,,,,,"{""catalogue"": ""ICRF3-K""}"
ICRF J091944.0-534006,quasar,139.93349793787502,-53.66845735533333,,,,,"{""catalogue"": ""ICRF3-K""}"
ICRF J092058.4+444153,quasar,140.24357703270834,44.69832910258333,,,,,"{""catalogue"": ""ICRF3-K""}"
ICRF J092129.3-261843,quasar,140.372307777375,-26.31205176188889,,,,,"{""catalogue"": ""ICRF3-K""}"
ICRF J092136.2+621552,quasar,140.40096292920833,62.264494512,,,,,"{""catalogue"": ""ICRF3-K""}"
ICRF J092246.4-395935,quasar,140.69340947045833,-39.99307442152778,,,,,"{""catalogue"": ""ICRF3-K""}"
ICRF J092703.0+390220,quasar,141.76255817404166,39.03912541836111,,,,,"{""catalogue"": ""ICRF3-K""}"
ICRF J092751.8-203451,quasar,141.9659346827083,-20.580897989388887,,,,,"{""catalogue"": ""ICRF3-K""}"
ICRF J093105.3+141416,quasar,142.7722600857917,14.237921816055554,,,,,"{""catalogue"": ""ICRF3-K""}"
ICRF J093712.3+500852,quasar,144.30136389749998,50.14780490711111,,,,,"{""catalogue"": ""ICRF3-K""}"
ICRF J093856.1-070800,quasar,144.73376774187497,-7.1335051484722225,,,,,"{""catalogue"": ""ICRF3-K""}"
ICRF J094102.5-133550,quasar,145.26062278237498,-13.597495775583335,,,,,"{""catalogue"": ""ICRF3-K""}"
ICRF J094452.1+520234,quasar,146.21731359691665,52.04283808994444,,,,,"{""catalogue"": ""ICRF3-K""}"
ICRF J094855.3+403944,quasar,147.2305755835,40.662385290138886,,,,,"{""catalogue"": ""ICRF3-K""}"
ICRF J095232.0+351252,quasar,148.13344239195834,35.214556379861115,,,,,"{""catalogue"": ""ICRF3-K""}"
ICRF J095327.9+322551,quasar,148.366485768125,32.43097792477778,,,,,"{""catalogue"": ""ICRF3-K""}"
ICRF J095649.8+251516,quasar,149.2078141115,25.254458340444444,,,,,"{""catalogue"": ""ICRF3-K""}"
ICRF J095819.6+472507,quasar,149.58196523679166,47.41884511744444,,,,,"{""catalogue"": ""ICRF3-K""}"
ICRF J095820.9+322402,quasar,149.58729014858332,32.400613714694444,,,,,"{""catalogue"": ""ICRF3-K""}"
ICRF J095847.2+653354,quasar,149.69685458608333,65.56522723322222,,,,,"{""catalogue"": ""ICRF3-K""}"
ICRF J100111.9+342450,quasar,150.2997884025,34.41401642933333,,,,,"{""catalogue"": ""ICRF3-K""}"
ICRF J100252.8+121614,quasar,150.72018850308334,12.27071796988889,,,,,"{""catalogue"": ""ICRF3-K""}"
ICRF J100614.0-501813,quasar,151.55837215858332,-50.303741825416665,,,,,"{""catalogue"": ""ICRF3-K""}"
ICRF J100731.3-333306,quasar,151.88078092895833,-33.55186576016666,,,,,"{""catalogue"": ""ICRF3-K""}"
ICRF J100741.4+135629,quasar,151.922908673875,13.941555790222223,,,,,"{""catalogue"": ""ICRF3-K""}"
ICRF J100800.8+062121,quasar,152.00340064345832,6.3558933311666665,,,,,"{""catalogue"": ""ICRF3-K""}"
ICRF J101447.0+230116,quasar,153.69610606941666,23.02126965463889,,,,,"{""catalogue"": ""ICRF3-K""}"
ICRF J101544.0+122707,quasar,153.93343078066667,12.451963932444444,,,,,"{""catalogue"": ""ICRF3-K""}"
ICRF J101810.9+354239,quasar,154.54578374320835,35.71095582658334,,,,,"{""catalogue"": ""ICRF3-K""}"
ICRF J101827.8+053029,quasar,154.61603452995837,5.508322786972222,,,,,"{""catalogue"": ""ICRF3-K""}"
ICRF J101828.7-312353,quasar,154.61980623483333,-31.398291596055554,,,,,"{""catalogue"": ""ICRF3-K""}"
ICRF J102202.0+412605,quasar,155.50843136158335,41.43482567722222,,,,,"{""catalogue"": ""ICRF3-K""}"
ICRF J102311.5+394815,quasar,155.79819031675,39.80427366366666,,,,,"{""catalogue"": ""ICRF3-K""}"
ICRF J102324.0+285650,quasar,155.85019224858334,28.947496739444446,,,,,"{""catalogue"": ""ICRF3-K""}"
ICRF J102343.5-664648,quasar,155.9313883005,-66.7801990955,,,,,"{""catalogue"": ""ICRF3-K""}"
ICRF J102444.8+191220,quasar,156.18670666408332,19.205670986166666,,,,,"{""catalogue"": ""ICRF3-K""}"
ICRF J102453.6+233233,quasar,156.22348867624999,23.5427676615,,,,,"{""catalogue"": ""ICRF3-K""}"
ICRF J102556.2+125349,quasar,156.48452240945835,12.896950517805555,,,,,"{""catalogue"": ""ICRF3-K""}"
ICRF J102838.7-084438,quasar,157.161651940375,-8.744037765888889,,,,,"{""catalogue"": ""ICRF3-K""}"
ICRF J103502.1-201134,quasar,158.75898054025,-20.192877589444446,,,,,"{""catalogue"": ""ICRF3-K""}"
ICRF J103716.0-293402,quasar,159.31699892966668,-29.56744822097222,,,,,"{""catalogue"": ""ICRF3-K""}"
ICRF J103840.6-531143,quasar,159.6694047377083,-53.195352875194445,,,,,"{""catalogue"": ""ICRF3-K""}"
ICRF J104117.1+061016,quasar,160.3215103941667,6.171367738833333,,,,,"{""catalogue"": ""ICRF3-K""}"
ICRF J104309.0+240835,quasar,160.787649091,24.143169274722222,,,,,"{""catalogue"": ""ICRF3-K""}"
ICRF J104423.0+805439,quasar,161.09609409079164,80.91095639025,,,,,"{""catalogue"": ""ICRF3-K""}"
ICRF J104455.9+065538,quasar,161.2329635334583,6.9272951299444445,,,,,"{""catalogue"": ""ICRF3-K""}"
ICRF J104806.6-190935,quasar,162.02758591050002,-19.159924176277777,,,,,"{""catalogue"": ""ICRF3-K""}"
ICRF J104838.2-411400,quasar,162.159463044375,-41.23336547077778,,,,,"{""catalogue"": ""ICRF3-K""}"
ICRF J105104.7-313814,quasar,162.769906374875,-31.63730773625,,,,,"{""catalogue"": ""ICRF3-K""}"
ICRF J105109.0-534446,quasar,162.78791612512498,-53.74626186230556,,,,,"{""catalogue"": ""ICRF3-K""}"
ICRF J105148.7+211952,quasar,162.95328781575,21.331198288027778,,,,,"{""catalogue"": ""ICRF3-K""}"
ICRF J105517.2+020544,quasar,163.82196841629167,2.095806216138889,,,,,"{""catalogue"": ""ICRF3-K""}"
ICRF J105653.6+701145,quasar,164.2234062105,70.19608765355557,,,,,"{""catalogue"": ""ICRF3-K""}"
ICRF J105811.5+811432,quasar,164.54806407425002,81.24240974144445,,,,,"{""catalogue"": ""ICRF3-K""}"
ICRF J105829.6+013358,quasar,164.62335502916665,1.5663399123333335,,,,,"{""catalogue"": ""ICRF3-K""}"
ICRF J105843.3-800354,quasar,164.68045726087502,-80.06504430358333,,,,,"{""catalogue"": ""ICRF3-K""}"
ICRF J110154.3-632522,quasar,165.47657701429168,-63.422944445249996,,,,,"{""catalogue"": ""ICRF3-K""}"
ICRF J110427.3+381231,quasar,166.11380809241666,38.20883304094445,,,,,"{""catalogue"": ""ICRF3-K""}"
ICRF J110446.1-243125,quasar,166.19240185249998,-24.523833214805556,,,,,"{""catalogue"": ""ICRF3-K""}"
ICRF J111209.5+072449,quasar,168.03982718729165,7.413643775833334,,,,,"{""catalogue"": ""ICRF3-K""}"
ICRF J111358.6+144226,quasar,168.49456287654166,14.707486869388887,,,,,"{""catalogue"": ""ICRF3-K""}"
ICRF J111432.5-081639,quasar,168.63562774324998,-8.27750103163889,,,,,"{""catalogue"": ""ICRF3-K""}"
ICRF J111609.9+082922,quasar,169.04155574083333,8.489453339638889,,,,,"{""catalogue"": ""ICRF3-K""}"
ICRF J111817.1-123254,quasar,169.57142242791667,-12.548406084722222,,,,,"{""catalogue"": ""ICRF3-K""}"
ICRF J111857.3+123441,quasar,169.738755963875,12.578255009472223,,,,,"{""catalogue"": ""ICRF3-K""}"
ICRF J112142.1-071106,quasar,170.4255122463333,-7.185094955194445,,,,,"{""catalogue"": ""ICRF3-K""}"
ICRF J112553.7+261019,quasar,171.473799594875,26.17221630863889,,,,,"{""catalogue"": ""ICRF3-K""}"
ICRF J112704.3-185717,quasar,171.76830189054166,-18.95484499311111,,,,,"{""catalogue"": ""ICRF3-K""}"
ICRF J112750.4+215334,quasar,171.96028022629164,21.89300178611111,,,,,"{""catalogue"": ""ICRF3-K""}"
ICRF J113053.2+381518,quasar,172.72201086729166,38.25515188888889,,,,,"{""catalogue"": ""ICRF3-K""}"
ICRF J113143.2-581853,quasar,172.93036704095834,-58.314845251166666,,,,,"{""catalogue"": ""ICRF3-K""}"
ICRF J113259.4+102342,quasar,173.247869964125,10.39505929225,,,,,"{""catalogue"": ""ICRF3-K""}"
ICRF J113320.0+004052,quasar,173.33356581254168,0.6813436393333333,,,,,"{""catalogue"": ""ICRF3-K""}"
ICRF J113602.0-682705,quasar,174.00874237529166,-68.45161729866668,,,,,"{""catalogue"": ""ICRF3-K""}"
ICRF J114341.6+663331,quasar,175.92334717595836,66.55867490811112,,,,,"{""catalogue"": ""ICRF3-K""}"
ICRF J114521.3+045526,quasar,176.33881316125002,4.92407995075,,,,,"{""catalogue"": ""ICRF3-K""}"
ICRF J114553.6-695401,quasar,176.47343421145834,-69.90049920836111,,,,,"{""catalogue"": ""ICRF3-K""}"
ICRF J114626.1-285918,quasar,176.6091190884167,-28.988473616444445,,,,,"{""catalogue"": ""ICRF3-K""}"
ICRF J114628.4-332842,quasar,176.6185491130417,-33.478508966722224,,,,,"{""catalogue"": ""ICRF3-K""}"
ICRF J114658.2+395834,quasar,176.74290797908336,39.97619566661111,,,,,"{""catalogue"": ""ICRF3-K""}"
ICRF J114701.3-381211,quasar,176.75571133654168,-38.20306209213889,,,,,"{""catalogue"": ""ICRF3-K""}"
ICRF J114733.3-675341,quasar,176.889164813,-67.89493600183334,,,,,"{""catalogue"": ""ICRF3-K""}"
ICRF J114751.5-072441,quasar,176.96480850704168,-7.411428122388889,,,,,"{""catalogue"": ""ICRF3-K""}"
ICRF J115019.2+241753,quasar,177.58005078245836,24.29828759563889,,,,,"{""catalogue"": ""ICRF3-K""}"
ICRF J115023.9-064026,quasar,177.599944587125,-6.674047511,,,,,"{""catalogue"": ""ICRF3-K""}"
ICRF J115113.4-672811,quasar,177.80594291591666,-67.46974898841667,,,,,"{""catalogue"": ""ICRF3-K""}"
ICRF J115217.2-084103,quasar,178.07170634870835,-8.684253871583334,,,,,"{""catalogue"": ""ICRF3-K""}"
ICRF J115312.4+805829,quasar,178.30208017241665,80.97476513891667,,,,,"{""catalogue"": ""ICRF3-K""}"
ICRF J115324.4+493108,quasar,178.35194434775,49.51911949647222,,,,,"{""catalogue"": ""ICRF3-K""}"
ICRF J115910.7-215004,quasar,179.79493895520832,-21.834631276527777,,,,,"{""catalogue"": ""ICRF3-K""}"
ICRF J115912.7-094052,quasar,179.802965206875,-9.681124617388889,,,,,"{""catalogue"": ""ICRF3-K""}"
ICRF J115921.4-214244,quasar,179.83930230408333,-21.71247588702778,,,,,"{""catalogue"": ""ICRF3-K""}"
ICRF J115931.8+291443,quasar,179.88264129066664,29.24550744913889,,,,,"{""catalogue"": ""ICRF3-K""}"
ICRF J115944.8+011206,quasar,179.93678281820831,1.2019400323333334,,,,,"{""catalogue"": ""ICRF3-K""}"
ICRF J115951.9-214853,quasar,179.96627502366667,-21.814918375055555,,,,,"{""catalogue"": ""ICRF3-K""}"
ICRF J120123.2+002828,quasar,180.34687828887502,0.47453210791666667,,,,,"{""catalogue"": ""ICRF3-K""}"
ICRF J120651.4-613856,quasar,181.71456958016668,-61.64909949830555,,,,,"{""catalogue"": ""ICRF3-K""}"
ICRF J120741.6-010636,quasar,181.92365673470835,-1.1101916820000002,,,,,"{""catalogue"": ""ICRF3-K""}"
ICRF J120940.0-321453,quasar,182.41685265570834,-32.24808555661111,,,,,"{""catalogue"": ""ICRF3-K""}"
ICRF J121106.6+182034,quasar,182.77786770608333,18.342856380666664,,,,,"{""catalogue"": ""ICRF3-K""}"
ICRF J121514.3-062803,quasar,183.80997530324998,-6.467758721666667,,,,,"{""catalogue"": ""ICRF3-K""}"
ICRF J121546.7-173145,quasar,183.94479899733332,-17.52927863461111,,,,,"{""catalogue"": ""ICRF3-K""}"
ICRF J121711.0+583526,quasar,184.29591140783333,58.59062408211111,,,,,"{""catalogue"": ""ICRF3-K""}"
ICRF J121752.0+300700,quasar,184.46700819183332,30.116843289027777,,,,,"{""catalogue"": ""ICRF3-K""}"
ICRF J121758.7-002946,quasar,184.49470436316668,-0.49619441594444447,,,,,"{""catalogue"": ""ICRF3-K""}"
ICRF J122222.5+041315,quasar,185.59395676583333,4.22104891825,,,,,"{""catalogue"": ""ICRF3-K""}"
ICRF J122452.4+033050,quasar,186.21842474666667,3.5139702025,,,,,"{""catalogue"": ""ICRF3-K""}"
ICRF J122454.4+212246,quasar,186.22691002608335,21.379552402805555,,,,,"{""catalogue"": ""ICRF3-K""}"
ICRF J122836.9-030439,quasar,187.15382210170833,-3.0775867526944447,,,,,"{""catalogue"": ""ICRF3-K""}"
ICRF J123007.0+583007,quasar,187.52940522083335,58.50215627447222,,,,,"{""catalogue"": ""ICRF3-K""}"
ICRF J123014.0+251807,quasar,187.55870558341667,25.301982310805556,,,,,"{""catalogue"": ""ICRF3-K""}"
ICRF J123049.4+122328,quasar,187.70593075270833,12.391123218222221,,,,,"{""catalogue"": ""ICRF3-K""}"
ICRF J123312.8+805433,quasar,188.30372101141668,80.9094367166389,,,,,"{""catalogue"": ""ICRF3-K""}"
ICRF J123924.5+073017,quasar,189.85245136633333,7.504774768777778,,,,,"{""catalogue"": ""ICRF3-K""}"
ICRF J124209.8+372005,quasar,190.54088489595833,37.334914569000006,,,,,"{""catalogue"": ""ICRF3-K""}"
ICRF J124251.3+375100,quasar,190.714037663875,37.85000704758333,,,,,"{""catalogue"": ""ICRF3-K""}"
ICRF J124604.2-073046,quasar,191.51763380583336,-7.51293740975,,,,,"{""catalogue"": ""ICRF3-K""}"
ICRF J124646.8-254749,quasar,191.69500851645836,-25.79702478552778,,,,,"{""catalogue"": ""ICRF3-K""}"
ICRF J124822.9-063209,quasar,192.09573190575,-6.536060552416666,,,,,"{""catalogue"": ""ICRF3-K""}"
ICRF J124828.4-455947,quasar,192.11872982945835,-45.99643920119445,,,,,"{""catalogue"": ""ICRF3-K""}"
ICRF J125243.2-673738,quasar,193.18005018583335,-67.62742958275,,,,,"{""catalogue"": ""ICRF3-K""}"
ICRF J125438.2+114105,quasar,193.65939841691667,11.684970843944445,,,,,"{""catalogue"": ""ICRF3-K""}"
ICRF J125459.9-713818,quasar,193.74967314395835,-71.63845451469444,,,,,"{""catalogue"": ""ICRF3-K""}"
ICRF J125611.1-054721,quasar,194.04652743904168,-5.789312567166666,,,,,"{""catalogue"": ""ICRF3-K""}"
ICRF J125838.3-180003,quasar,194.65959041750003,-18.00086792161111,,,,,"{""catalogue"": ""ICRF3-K""}"
ICRF J125854.4-221931,quasar,194.72699495416668,-22.325312537833334,,,,,"{""catalogue"": ""ICRF3-K""}"
ICRF J130217.1+481917,quasar,195.57165025095833,48.321548445333335,,,,,"{""catalogue"": ""ICRF3-K""}"
ICRF J130252.4+574837,quasar,195.71860532029166,57.81044702088889,,,,,"{""catalogue"": ""ICRF3-K""}"
ICRF J130533.0-103319,quasar,196.38756260295835,-10.555396819694446,,,,,"{""catalogue"": ""ICRF3-K""}"
ICRF J130823.7+354637,quasar,197.09878802879166,35.77699000138889,,,,,"{""catalogue"": ""ICRF3-K""}"
ICRF J130948.4-394833,quasar,197.452034649875,-39.809190552249994,,,,,"{""catalogue"": ""ICRF3-K""}"
ICRF J131028.6+322043,quasar,197.61943274812498,32.3454952215,,,,,"{""catalogue"": ""ICRF3-K""}"
ICRF J131043.3-555211,quasar,197.68064829379165,-55.86986921575,,,,,"{""catalogue"": ""ICRF3-K""}"
ICRF J131053.5+465352,quasar,197.72329822720832,46.897839067805556,,,,,"{""catalogue"": ""ICRF3-K""}"
ICRF J131103.2+551354,quasar,197.76337842683336,55.231756217750004,,,,,"{""catalogue"": ""ICRF3-K""}"
ICRF J131250.9-042449,quasar,198.21208845741666,-4.413858886277779,,,,,"{""catalogue"": ""ICRF3-K""}"
ICRF J131607.9-333859,quasar,199.03327480454166,-33.64977014186111,,,,,"{""catalogue"": ""ICRF3-K""}"
ICRF J131736.4+342515,quasar,199.40205906358335,34.42109234186111,,,,,"{""catalogue"": ""ICRF3-K""}"
ICRF J131833.7-060723,quasar,199.64045598516668,-6.123283416972222,,,,,"{""catalogue"": ""ICRF3-K""}"
ICRF J132236.9-093737,quasar,200.653802634875,-9.627166745583335,,,,,"{""catalogue"": ""ICRF3-K""}"
ICRF J132425.7-104923,quasar,201.10747128166668,-10.823092879305555,,,,,"{""catalogue"": ""ICRF3-K""}"
ICRF J132700.8+221050,quasar,201.75358879179166,22.180600768083334,,,,,"{""catalogue"": ""ICRF3-K""}"
ICRF J132742.0-133600,quasar,201.92509886083332,-13.600044667138889,,,,,"{""catalogue"": ""ICRF3-K""}"
ICRF J132754.6+122309,quasar,201.977845822125,12.385882845388888,,,,,"{""catalogue"": ""ICRF3-K""}"
ICRF J132901.1-560802,quasar,202.25477049154165,-56.13407369197222,,,,,"{""catalogue"": ""ICRF3-K""}"
ICRF J133204.4-050943,quasar,203.01860285166669,-5.162029444888889,,,,,"{""catalogue"": ""ICRF3-K""}"
ICRF J133345.1-195042,quasar,203.43823201370833,-19.84509539436111,,,,,"{""catalogue"": ""ICRF3-K""}"
ICRF J133608.2-082951,quasar,204.03441595408333,-8.497721691527778,,,,,"{""catalogue"": ""ICRF3-K""}"
ICRF J133739.7-125724,quasar,204.41576157220834,-12.956859275583332,,,,,"{""catalogue"": ""ICRF3-K""}"
ICRF J134204.7-205129,quasar,205.5197481654583,-20.85820598702778,,,,,"{""catalogue"": ""ICRF3-K""}"
ICRF J134215.3-290041,quasar,205.56394012475,-29.011619819361112,,,,,"{""catalogue"": ""ICRF3-K""}"
ICRF J134408.6+660611,quasar,206.03616489566664,66.10323437630555,,,,,"{""catalogue"": ""ICRF3-K""}"
ICRF J134414.4-172340,quasar,206.06001022408333,-17.394554479638888,,,,,"{""catalogue"": ""ICRF3-K""}"
ICRF J134545.3+533252,quasar,206.43898012320832,53.5478580175,,,,,"{""catalogue"": ""ICRF3-K""}"
ICRF J134804.3+284025,quasar,207.0181212539167,28.67371303061111,,,,,"{""catalogue"": ""ICRF3-K""}"
ICRF J134903.1-111000,quasar,207.26330437104164,-11.166894183888889,,,,,"{""catalogue"": ""ICRF3-K""}"
ICRF J135116.9+083039,quasar,207.82049607604165,8.511084263444445,,,,,"{""catalogue"": ""ICRF3-K""}"
ICRF J135256.5-441240,quasar,208.235562254875,-44.21121881091667,,,,,"{""catalogue"": ""ICRF3-K""}"
ICRF J135323.1+753257,quasar,208.346533586375,75.54937096613888,,,,,"{""catalogue"": ""ICRF3-K""}"
ICRF J135406.8-020603,quasar,208.52873054362502,-2.100886190805556,,,,,"{""catalogue"": ""ICRF3-K""}"
ICRF J135704.4+191907,quasar,209.26848605320833,19.31871457547222,,,,,"{""catalogue"": ""ICRF3-K""}"
ICRF J135711.2-152728,quasar,209.29685413570832,-15.457996342972221,,,,,"{""catalogue"": ""ICRF3-K""}"
ICRF J135755.3+764321,quasar,209.48071474412498,76.72251416161112,,,,,"{""catalogue"": ""ICRF3-K""}"
ICRF J140532.8-144018,quasar,211.386947281,-14.671749032138889,,,,,"{""catalogue"": ""ICRF3-K""}"
ICRF J140700.3+282714,quasar,211.75164309395834,28.454080216527778,,,,,"{""catalogue"": ""ICRF3-K""}"
ICRF J140849.6-290023,quasar,212.20672395179167,-29.00655784611111,,,,,"{""catalogue"": ""ICRF3-K""}"
ICRF J140856.4-075226,quasar,212.23533834820833,-7.874074000444445,,,,,"{""catalogue"": ""ICRF3-K""}"
ICRF J140950.1-265736,quasar,212.459040721625,-26.960272304222222,,,,,"{""catalogue"": ""ICRF3-K""}"
ICRF J141558.8+132023,quasar,213.99507295083333,13.339920295083333,,,,,"{""catalogue"": ""ICRF3-K""}"
ICRF J141741.6-595037,quasar,214.423483785625,-59.84378026833333,,,,,"{""catalogue"": ""ICRF3-K""}"
ICRF J141935.2-515458,quasar,214.89685525649998,-51.916269630916666,,,,,"{""catalogue"": ""ICRF3-K""}"
ICRF J141946.5+542314,quasar,214.944155864625,54.38744083877778,,,,,"{""catalogue"": ""ICRF3-K""}"
ICRF J141959.2+270625,quasar,214.99707112024998,27.107097977305557,,,,,"{""catalogue"": ""ICRF3-K""}"
ICRF J142138.6-482022,quasar,215.41102722629165,-48.339665700055555,,,,,"{""catalogue"": ""ICRF3-K""}"
ICRF J142237.1-230830,quasar,215.65460979104165,-23.14170433588889,,,,,"{""catalogue"": ""ICRF3-K""}"
ICRF J142700.3+234800,quasar,216.75163239791667,23.800010412944445,,,,,"{""catalogue"": ""ICRF3-K""}"
ICRF J142756.2-420619,quasar,216.98457321183332,-42.10539921280556,,,,,"{""catalogue"": ""ICRF3-K""}"
ICRF J143023.7+420436,quasar,217.59892349016667,42.07680310230556,,,,,"{""catalogue"": ""ICRF3-K""}"
ICRF J143125.8+244220,quasar,217.8578529895,24.705751288305557,,,,,"{""catalogue"": ""ICRF3-K""}"
ICRF J143809.4-220454,quasar,219.53945582704168,-22.08187458072222,,,,,"{""catalogue"": ""ICRF3-K""}"
ICRF J143810.7-312228,quasar,219.54494047229167,-31.374590777444446,,,,,"{""catalogue"": ""ICRF3-K""}"
ICRF J143920.5+371202,quasar,219.83574107383333,37.200787771722226,,,,,"{""catalogue"": ""ICRF3-K""}"
ICRF J143956.8-153150,quasar,219.98696690770834,-15.530709672722223,,,,,"{""catalogue"": ""ICRF3-K""}"
ICRF J144145.4-152336,quasar,220.439238567625,-15.39340701611111,,,,,"{""catalogue"": ""ICRF3-K""}"
ICRF J144302.7+520137,quasar,220.76150292183334,52.02702736044444,,,,,"{""catalogue"": ""ICRF3-K""}"
ICRF J144815.0-162024,quasar,222.06272566091667,-16.340152508527776,,,,,"{""catalogue"": ""ICRF3-K""}"
ICRF J144828.7+760111,quasar,222.11991303829168,76.01988814111111,,,,,"{""catalogue"": ""ICRF3-K""}"
ICRF J145353.6+264833,quasar,223.47333601141665,26.80928047802778,,,,,"{""catalogue"": ""ICRF3-K""}"
ICRF J145427.4-374733,quasar,223.61420739800002,-37.792540181666666,,,,,"{""catalogue"": ""ICRF3-K""}"
ICRF J145641.3-061743,quasar,224.17246932095836,-6.295334505722222,,,,,"{""catalogue"": ""ICRF3-K""}"
ICRF J145907.5+714019,quasar,224.781599789375,71.67218509980556,,,,,"{""catalogue"": ""ICRF3-K""}"
ICRF J145928.7-181045,quasar,224.86984667837498,-18.179218394972224,,,,,"{""catalogue"": ""ICRF3-K""}"
ICRF J150048.6+475115,quasar,225.20272588641666,47.85431614416667,,,,,"{""catalogue"": ""ICRF3-K""}"
ICRF J150225.0-150852,quasar,225.60423938295833,-15.147922223444445,,,,,"{""catalogue"": ""ICRF3-K""}"
ICRF J150424.9+102939,quasar,226.10408243475,10.494221811249998,,,,,"{""catalogue"": ""ICRF3-K""}"
ICRF J150502.3-343256,quasar,226.25987648725,-34.549116735666665,,,,,"{""catalogue"": ""ICRF3-K""}"
ICRF J150506.4+032630,quasar,226.27698816225,3.4418924225833334,,,,,"{""catalogue"": ""ICRF3-K""}"
ICRF J150609.5+373051,quasar,226.5397081998333,37.51420346877778,,,,,"{""catalogue"": ""ICRF3-K""}"
ICRF J150653.0+423923,quasar,226.721007661875,42.65639875883333,,,,,"{""catalogue"": ""ICRF3-K""}"
ICRF J150835.7-154831,quasar,227.14875669841666,-15.808758946833334,,,,,"{""catalogue"": ""ICRF3-K""}"
ICRF J151053.5-054307,quasar,227.7232976005,-5.718727043666667,,,,,"{""catalogue"": ""ICRF3-K""}"
ICRF J151215.7+020316,quasar,228.06559059025,2.0547164564166667,,,,,"{""catalogue"": ""ICRF3-K""}"
ICRF J151250.5-090559,quasar,228.21055387675,-9.0999526435,,,,,"{""catalogue"": ""ICRF3-K""}"
ICRF J151255.8-564030,quasar,228.23258069183333,-56.675178594916666,,,,,"{""catalogue"": ""ICRF3-K""}"
ICRF J151344.8-101200,quasar,228.43705591204167,-10.200073567555554,,,,,"{""catalogue"": ""ICRF3-K""}"
ICRF J151356.9-211457,quasar,228.48737549708332,-21.24930750686111,,,,,"{""catalogue"": ""ICRF3-K""}"
ICRF J151440.8-361704,quasar,228.67030800883333,-36.284687590666664,,,,,"{""catalogue"": ""ICRF3-K""}"
ICRF J151512.6-555932,quasar,228.8028036405,-55.99245518252778,,,,,"{""catalogue"": ""ICRF3-K""}"
ICRF J151640.2+001501,quasar,229.16757941754167,0.2505302757222222,,,,,"{""catalogue"": ""ICRF3-K""}"
ICRF J151656.7+193212,quasar,229.23665066779168,19.536942206166668,,,,,"{""catalogue"": ""ICRF3-K""}"
ICRF J151741.8-242219,quasar,229.42422142129166,-24.37207667163889,,,,,"{""catalogue"": ""ICRF3-K""}"
ICRF J152209.9+314414,quasar,230.54163222033336,31.737328345305556,,,,,"{""catalogue"": ""ICRF3-K""}"
ICRF J152237.6-273010,quasar,230.65698334487502,-27.502995988055556,,,,,"{""catalogue"": ""ICRF3-K""}"
ICRF J152441.6+152121,quasar,231.17338119991666,15.35584738138889,,,,,"{""catalogue"": ""ICRF3-K""}"
ICRF J153420.6-535113,quasar,233.58608596275,-53.853728611444446,,,,,"{""catalogue"": ""ICRF3-K""}"
ICRF J153452.4+013104,quasar,233.71855697616667,1.5178351289999998,,,,,"{""catalogue"": ""ICRF3-K""}"
ICRF J153454.6-352623,quasar,233.72786486883334,-35.43986059383333,,,,,"{""catalogue"": ""ICRF3-K""}"
ICRF J153552.2-473022,quasar,233.96767288645833,-47.50638243586111,,,,,"{""catalogue"": ""ICRF3-K""}"
ICRF J153714.5+230040,quasar,234.31042020566667,23.01125314538889,,,,,"{""catalogue"": ""ICRF3-K""}"
ICRF J153741.5-152712,quasar,234.42322135195832,-15.453472010555554,,,,,"{""catalogue"": ""ICRF3-K""}"
ICRF J153934.8+473531,quasar,234.89504317241668,47.59201780366667,,,,,"{""catalogue"": ""ICRF3-K""}"
ICRF J154049.4+144745,quasar,235.20621464070834,14.796079105027777,,,,,"{""catalogue"": ""ICRF3-K""}"
ICRF J154929.4+023701,quasar,237.37265353625,2.6169897975555556,,,,,"{""catalogue"": ""ICRF3-K""}"
ICRF J155035.2+052710,quasar,237.64695519333335,5.452902230583334,,,,,"{""catalogue"": ""ICRF3-K""}"
ICRF J155331.6-242206,quasar,238.38178256458332,-24.368343288805555,,,,,"{""catalogue"": ""ICRF3-K""}"
ICRF J155658.8-791404,quasar,239.24528608312502,-79.23452352747222,,,,,"{""catalogue"": ""ICRF3-K""}"
ICRF J155751.4-000150,quasar,239.46430823149998,-0.030670512666666667,,,,,"{""catalogue"": ""ICRF3-K""}"
ICRF J155855.1+332318,quasar,239.72994280833333,33.38850177444444,,,,,"{""catalogue"": ""ICRF3-K""}"
ICRF J160207.2+332653,quasar,240.5302645066667,33.44807583963888,,,,,"{""catalogue"": ""ICRF3-K""}"
ICRF J160431.0-444131,quasar,241.12925302766666,-44.69221482594444,,,,,"{""catalogue"": ""ICRF3-K""}"
ICRF J160517.5-113926,quasar,241.3230485769583,-11.657453037611111,,,,,"{""catalogue"": ""ICRF3-K""}"
ICRF J160734.7-333108,quasar,241.89484298895837,-33.519142537722225,,,,,"{""catalogue"": ""ICRF3-K""}"
ICRF J160846.2+102907,quasar,242.19251328854168,10.485493276305554,,,,,"{""catalogue"": ""ICRF3-K""}"
ICRF J161021.8-395858,quasar,242.59116290875002,-39.98286924288889,,,,,"{""catalogue"": ""ICRF3-K""}"
ICRF J161233.8-742340,quasar,243.14118713941664,-74.39448423908334,,,,,"{""catalogue"": ""ICRF3-K""}"
ICRF J161341.0+341247,quasar,243.4211009622083,34.21330795436111,,,,,"{""catalogue"": ""ICRF3-K""}"
ICRF J161630.6-710831,quasar,244.12767335779165,-71.14207030825001,,,,,"{""catalogue"": ""ICRF3-K""}"
ICRF J161637.5+045932,quasar,244.1564867765833,4.992426781916667,,,,,"{""catalogue"": ""ICRF3-K""}"
ICRF J161727.0-194132,quasar,244.36288775841672,-19.692226141194446,,,,,"{""catalogue"": ""ICRF3-K""}"
ICRF J161749.2-771718,quasar,244.45531805941667,-77.28846332538889,,,,,"{""catalogue"": ""ICRF3-K""}"
ICRF J161914.8+224747,quasar,244.81176913129167,22.796625333861112,,,,,"{""catalogue"": ""ICRF3-K""}"
ICRF J162418.4-680912,quasar,246.0768206904583,-68.15347115141667,,,,,"{""catalogue"": ""ICRF3-K""}"
ICRF J162546.8-252738,quasar,246.445381862125,-25.460646343166665,,,,,"{""catalogue"": ""ICRF3-K""}"
ICRF J162606.0-295126,quasar,246.52508690625,-29.857492053972223,,,,,"{""catalogue"": ""ICRF3-K""}"
ICRF J162700.0-242640,quasar,246.75002586879162,-24.444573040944444,,,,,"{""catalogue"": ""ICRF3-K""}"
ICRF J162854.6-615236,quasar,247.22787408320832,-61.87677721636111,,,,,"{""catalogue"": ""ICRF3-K""}"
ICRF J163745.1+471733,quasar,249.43804396291668,47.29273087666667,,,,,"{""catalogue"": ""ICRF3-K""}"
ICRF J163813.4+572023,quasar,249.55606787012496,57.339994177250006,,,,,"{""catalogue"": ""ICRF3-K""}"
ICRF J164029.6+394646,quasar,250.1234698916667,39.779452340166664,,,,,"{""catalogue"": ""ICRF3-K""}"
ICRF J164202.1-062123,quasar,250.5090738310417,-6.356581945555555,,,,,"{""catalogue"": ""ICRF3-K""}"
ICRF J164205.2-200724,quasar,250.52204552066667,-20.123569522666667,,,,,"{""catalogue"": ""ICRF3-K""}"
ICRF J164207.8+685639,quasar,250.53270218329166,68.94437672197222,,,,,"{""catalogue"": ""ICRF3-K""}"
ICRF J164737.7-643800,quasar,251.90725585508338,-64.6334080185,,,,,"{""catalogue"": ""ICRF3-K""}"
ICRF J165039.5-294346,quasar,252.664767107,-29.729709588694444,,,,,"{""catalogue"": ""ICRF3-K""}"
ICRF J165334.2-155129,quasar,253.39252675770834,-15.85830220861111,,,,,"{""catalogue"": ""ICRF3-K""}"
ICRF J165352.2+394536,quasar,253.46756950495833,39.76016910030555,,,,,"{""catalogue"": ""ICRF3-K""}"
ICRF J165809.0+074127,quasar,254.5375477540416,7.690983500833333,,,,,"{""catalogue"": ""ICRF3-K""}"
ICRF J165844.0-073917,quasar,254.68359142074996,-7.654915123166667,,,,,"{""catalogue"": ""ICRF3-K""}"
ICRF J165924.1+262936,quasar,254.85062273037502,26.493595310055557,,,,,"{""catalogue"": ""ICRF3-K""}"
ICRF J170053.1-261051,quasar,255.22147525345832,-26.181034786194445,,,,,"{""catalogue"": ""ICRF3-K""}"
ICRF J170144.8-562155,quasar,255.43690880179167,-56.36552836961111,,,,,"{""catalogue"": ""ICRF3-K""}"
ICRF J170336.5-621240,quasar,255.90225492683334,-62.21111345177778,,,,,"{""catalogue"": ""ICRF3-K""}"
ICRF J170734.4+014845,quasar,256.8933969425,1.812694277777778,,,,,"{""catalogue"": ""ICRF3-K""}"
ICRF J171123.1-250901,quasar,257.8462594301667,-25.150434042999997,,,,,"{""catalogue"": ""ICRF3-K""}"
ICRF J171309.9-341829,quasar,258.2914230895,-34.308174333388884,,,,,"{""catalogue"": ""ICRF3-K""}"
ICRF J171331.2-265852,quasar,258.3803149506666,-26.981257301333333,,,,,"{""catalogue"": ""ICRF3-K""}"
ICRF J171350.7-322612,quasar,258.461625959875,-32.436724755916664,,,,,"{""catalogue"": ""ICRF3-K""}"
ICRF J171432.5-205354,quasar,258.635470895625,-20.898413588805553,,,,,"{""catalogue"": ""ICRF3-K""}"
ICRF J171736.0-334208,quasar,259.40012232083336,-33.70245180111112,,,,,"{""catalogue"": ""ICRF3-K""}"
ICRF J171913.0+174506,quasar,259.80436869625,17.751788159,,,,,"{""catalogue"": ""ICRF3-K""}"
ICRF J172010.3+382556,quasar,260.04306162379163,38.43226787030555,,,,,"{""catalogue"": ""ICRF3-K""}"
ICRF J172139.0-615443,quasar,260.4125688949584,-61.91194958427778,,,,,"{""catalogue"": ""ICRF3-K""}"
ICRF J172155.9-255840,quasar,260.4832464580834,-25.977970154138887,,,,,"{""catalogue"": ""ICRF3-K""}"
ICRF J172504.3+115215,quasar,261.26808706558336,11.870964366805556,,,,,"{""catalogue"": ""ICRF3-K""}"
ICRF J172601.1-725959,quasar,261.5046347840417,-72.99999781752778,,,,,"{""catalogue"": ""ICRF3-K""}"
ICRF J172727.6+453039,quasar,261.86521170195834,45.511036472027776,,,,,"{""catalogue"": ""ICRF3-K""}"
ICRF J172908.2-265750,quasar,262.284234839625,-26.964095446972223,,,,,"{""catalogue"": ""ICRF3-K""}"
ICRF J173302.7-130449,quasar,263.2612741345417,-13.080430023583332,,,,,"{""catalogue"": ""ICRF3-K""}"
ICRF J173420.5+385751,quasar,263.585743879,38.96428974380556,,,,,"{""catalogue"": ""ICRF3-K""}"
ICRF J173719.6-592141,quasar,264.331968989375,-59.3616366285,,,,,"{""catalogue"": ""ICRF3-K""}"
ICRF J173957.1+473758,quasar,264.9880377889583,47.63287819105555,,,,,"{""catalogue"": ""ICRF3-K""}"
ICRF J174211.6-151729,quasar,265.54859520325,-15.291432902555556,,,,,"{""catalogue"": ""ICRF3-K""}"
ICRF J174358.8-035004,quasar,265.99523390145833,-3.8346157417777778,,,,,"{""catalogue"": ""ICRF3-K""}"
ICRF J174423.5-311636,quasar,266.0982428325833,-31.27674773436111,,,,,"{""catalogue"": ""ICRF3-K""}"
ICRF J174527.1-075303,quasar,266.3629372824167,-7.884430037527777,,,,,"{""catalogue"": ""ICRF3-K""}"
ICRF J174535.2+172001,quasar,266.39670074562497,17.333728823805554,,,,,"{""catalogue"": ""ICRF3-K""}"
ICRF J174614.0+622654,quasar,266.55847542812495,62.44853837405555,,,,,"{""catalogue"": ""ICRF3-K""}"
ICRF J174724.4-545021,quasar,266.85181299133336,-54.83932686791667,,,,,"{""catalogue"": ""ICRF3-K""}"
ICRF J174726.6+465850,quasar,266.8610303182917,46.98081284116667,,,,,"{""catalogue"": ""ICRF3-K""}"
ICRF J174832.8+700550,quasar,267.13683470679166,70.09743579372221,,,,,"{""catalogue"": ""ICRF3-K""}"
ICRF J175132.8+093900,quasar,267.8867440627917,9.65020237138889,,,,,"{""catalogue"": ""ICRF3-K""}"
ICRF J175151.2-252400,quasar,267.96359235475,-25.400017861916666,,,,,"{""catalogue"": ""ICRF3-K""}"
ICRF J175233.1-295644,quasar,268.13795018220833,-29.945809815333334,,,,,"{""catalogue"": ""ICRF3-K""}"
ICRF J175309.0-184338,quasar,268.2878692935,-18.72736739836111,,,,,"{""catalogue"": ""ICRF3-K""}"
ICRF J175342.4+284804,quasar,268.42697351591664,28.801371902,,,,,"{""catalogue"": ""ICRF3-K""}"
ICRF J175653.1+153520,quasar,269.221258902375,15.589118476500001,,,,,"{""catalogue"": ""ICRF3-K""}"
ICRF J180045.6+782804,quasar,270.190349595625,78.46778291088889,,,,,"{""catalogue"": ""ICRF3-K""}"
ICRF J180132.3+440421,quasar,270.384645095,44.072750069250006,,,,,"{""catalogue"": ""ICRF3-K""}"
ICRF J180242.6-394007,quasar,270.67783351770834,-39.668863443805556,,,,,"{""catalogue"": ""ICRF3-K""}"
ICRF J180541.6-380544,quasar,271.423533968125,-38.095701053194446,,,,,"{""catalogue"": ""ICRF3-K""}"
ICRF J180754.0-641350,quasar,271.975136443,-64.23058733522222,,,,,"{""catalogue"": ""ICRF3-K""}"
ICRF J180813.8-501153,quasar,272.0576482977917,-50.19822566019444,,,,,"{""catalogue"": ""ICRF3-K""}"
ICRF J180957.8-455241,quasar,272.4911319395,-45.878059065222224,,,,,"{""catalogue"": ""ICRF3-K""}"
ICRF J181926.5+384501,quasar,274.86061403391665,38.75049616155555,,,,,"{""catalogue"": ""ICRF3-K""}"
ICRF J181945.3-552120,quasar,274.939164517,-55.35576272819445,,,,,"{""catalogue"": ""ICRF3-K""}"
ICRF J182057.8-252812,quasar,275.2410362039167,-25.470162216416664,,,,,"{""catalogue"": ""ICRF3-K""}"
ICRF J182402.8+104423,quasar,276.01189687933334,10.739937333944443,,,,,"{""catalogue"": ""ICRF3-K""}"
ICRF J182407.0+565101,quasar,276.02945154825,56.85041408836111,,,,,"{""catalogue"": ""ICRF3-K""}"
ICRF J182448.1+011934,quasar,276.20059765304165,1.326167133888889,,,,,"{""catalogue"": ""ICRF3-K""}"
ICRF J182620.5-292424,quasar,276.585829617125,-29.406931286638887,,,,,"{""catalogue"": ""ICRF3-K""}"
ICRF J182819.4-212338,quasar,277.08119588816663,-21.39410239575,,,,,"{""catalogue"": ""ICRF3-K""}"
ICRF J182912.4-581355,quasar,277.30167644004166,-58.23198944166667,,,,,"{""catalogue"": ""ICRF3-K""}"
ICRF J183100.0-271406,quasar,277.75018657466666,-27.235050282083336,,,,,"{""catalogue"": ""ICRF3-K""}"
ICRF J183141.4-480521,quasar,277.9227360084167,-48.08916929997223,,,,,"{""catalogue"": ""ICRF3-K""}"
ICRF J183211.0-203948,quasar,278.0460273554583,-20.663389495916665,,,,,"{""catalogue"": ""ICRF3-K""}"
ICRF J183220.8-103511,quasar,278.0868184455,-10.586444131750001,,,,,"{""catalogue"": ""ICRF3-K""}"
ICRF J183339.8-210340,quasar,278.4161941884167,-21.061264423166666,,,,,"{""catalogue"": ""ICRF3-K""}"
ICRF J183728.7-710843,quasar,279.36964534912505,-71.1454318868889,,,,,"{""catalogue"": ""ICRF3-K""}"
ICRF J184057.3+545215,quasar,280.2390695520834,54.87108624388889,,,,,"{""catalogue"": ""ICRF3-K""}"
ICRF J184551.3-285240,quasar,281.46403453166664,-28.877854331333335,,,,,"{""catalogue"": ""ICRF3-K""}"
ICRF J184847.5-271818,quasar,282.1979340740834,-27.305020051861113,,,,,"{""catalogue"": ""ICRF3-K""}"
ICRF J184916.0+670541,quasar,282.31696786941666,67.09491119072221,,,,,"{""catalogue"": ""ICRF3-K""}"
ICRF J185228.5+485547,quasar,283.11894920641663,48.929855906638885,,,,,"{""catalogue"": ""ICRF3-K""}"
ICRF J185802.3+031316,quasar,284.5098031434583,3.2211947005,,,,,"{""catalogue"": ""ICRF3-K""}"
ICRF J190255.9+315941,quasar,285.7330786725417,31.994917170333334,,,,,"{""catalogue"": ""ICRF3-K""}"
ICRF J190536.4+194308,quasar,286.4019671255833,19.718901371527775,,,,,"{""catalogue"": ""ICRF3-K""}"
ICRF J190711.9+012708,quasar,286.79998395475,1.4524892953333333,,,,,"{""catalogue"": ""ICRF3-K""}"
ICRF J191109.6-200655,quasar,287.7902203512917,-20.115308033583336,,,,,"{""catalogue"": ""ICRF3-K""}"
ICRF J191240.0-801005,quasar,288.16674617462496,-80.16831851852778,,,,,"{""catalogue"": ""ICRF3-K""}"
ICRF J191413.8-463131,quasar,288.55755876445835,-46.525537818194444,,,,,"{""catalogue"": ""ICRF3-K""}"
ICRF J191652.5-151900,quasar,289.21879582441665,-15.3166864635,,,,,"{""catalogue"": ""ICRF3-K""}"
ICRF J192332.1-210433,quasar,290.88412421883334,-21.075925817138888,,,,,"{""catalogue"": ""ICRF3-K""}"
ICRF J192451.0-291430,quasar,291.21273314412497,-29.241700209972223,,,,,"{""catalogue"": ""ICRF3-K""}"
ICRF J192539.7-221935,quasar,291.41579244008335,-22.326420191305555,,,,,"{""catalogue"": ""ICRF3-K""}"
ICRF J193006.1-605609,quasar,292.5256670812083,-60.93588447919444,,,,,"{""catalogue"": ""ICRF3-K""}"
ICRF J193052.7+153234,quasar,292.71986243808334,15.542896467,,,,,"{""catalogue"": ""ICRF3-K""}"
ICRF J193124.9+224331,quasar,292.853819898875,22.725349581416666,,,,,"{""catalogue"": ""ICRF3-K""}"
ICRF J193244.8-453637,quasar,293.1870323225417,-45.61053597152778,,,,,"{""catalogue"": ""ICRF3-K""}"
ICRF J193716.2-395801,quasar,294.31757236158336,-39.967098181611114,,,,,"{""catalogue"": ""ICRF3-K""}"
ICRF J193731.4+360735,quasar,294.38098589529164,36.12662268086111,,,,,"{""catalogue"": ""ICRF3-K""}"
ICRF J193830.6+044811,quasar,294.627789789875,4.803226263277778,,,,,"{""catalogue"": ""ICRF3-K""}"
ICRF J193926.6-152543,quasar,294.861073994625,-15.428627411722221,,,,,"{""catalogue"": ""ICRF3-K""}"
ICRF J194804.5+355620,quasar,297.018833778625,35.939075361916665,,,,,"{""catalogue"": ""ICRF3-K""}"
ICRF J194953.4-195713,quasar,297.472584179625,-19.9537026115,,,,,"{""catalogue"": ""ICRF3-K""}"
ICRF J195147.4-050943,quasar,297.9477852139167,-5.162211751083333,,,,,"{""catalogue"": ""ICRF3-K""}"
ICRF J195659.4-322546,quasar,299.2477303498334,-32.42944648622222,,,,,"{""catalogue"": ""ICRF3-K""}"
ICRF J195759.8-384506,quasar,299.4992469780833,-38.751765537666664,,,,,"{""catalogue"": ""ICRF3-K""}"
ICRF J200057.0-174857,quasar,300.23787684133333,-17.816020131722222,,,,,"{""catalogue"": ""ICRF3-K""}"
ICRF J200142.2+332344,quasar,300.425871208,33.39576829275,,,,,"{""catalogue"": ""ICRF3-K""}"
ICRF J200153.7+241639,quasar,300.47407455741666,24.277774950972223,,,,,"{""catalogue"": ""ICRF3-K""}"
ICRF J200210.4+472528,quasar,300.54340939458336,47.42465938088888,,,,,"{""catalogue"": ""ICRF3-K""}"
ICRF J200728.7+660722,quasar,301.86987958350005,66.12292654744444,,,,,"{""catalogue"": ""ICRF3-K""}"
ICRF J200824.4-041829,quasar,302.1017883145417,-4.308138364666666,,,,,"{""catalogue"": ""ICRF3-K""}"
ICRF J200957.6+354318,quasar,302.49015676345834,35.72166713591667,,,,,"{""catalogue"": ""ICRF3-K""}"
ICRF J201115.7-154640,quasar,302.81546220925,-15.777848254805557,,,,,"{""catalogue"": ""ICRF3-K""}"
ICRF J201613.8+163234,quasar,304.0577501212083,16.542809182833334,,,,,"{""catalogue"": ""ICRF3-K""}"
ICRF J202006.5+294214,quasar,305.02734842991663,29.70394070361111,,,,,"{""catalogue"": ""ICRF3-K""}"
ICRF J202319.0+315302,quasar,305.829238913875,31.883973960416665,,,,,"{""catalogue"": ""ICRF3-K""}"
ICRF J202323.1+222352,quasar,305.84650095070833,22.39792366186111,,,,,"{""catalogue"": ""ICRF3-K""}"
ICRF J202510.8+334300,quasar,306.2951755101667,33.716726215722225,,,,,"{""catalogue"": ""ICRF3-K""}"
ICRF J202540.6-073552,quasar,306.4194183435417,-7.597969132277777,,,,,"{""catalogue"": ""ICRF3-K""}"
ICRF J203147.2+023937,quasar,307.9468796086666,2.66035663,,,,,"{""catalogue"": ""ICRF3-K""}"
ICRF J203154.9+121941,quasar,307.97914276691665,12.328150038944445,,,,,"{""catalogue"": ""ICRF3-K""}"
ICRF J203548.8-684633,quasar,308.9536519265,-68.7760668955,,,,,"{""catalogue"": ""ICRF3-K""}"
ICRF J203651.1-214636,quasar,309.213219640875,-21.776875098138888,,,,,"{""catalogue"": ""ICRF3-K""}"
ICRF J203837.0+511912,quasar,309.6543113262083,51.32018404036111,,,,,"{""catalogue"": ""ICRF3-K""}"
ICRF J203900.7-104641,quasar,309.7529601139583,-10.778295282027779,,,,,"{""catalogue"": ""ICRF3-K""}"
ICRF J204048.3+452717,quasar,310.2013879429167,45.454762778833334,,,,,"{""catalogue"": ""ICRF3-K""}"
ICRF J205002.2+361952,quasar,312.5095189873333,36.33125060777778,,,,,"{""catalogue"": ""ICRF3-K""}"
ICRF J205024.6-262818,quasar,312.60289099287496,-26.471682659888888,,,,,"{""catalogue"": ""ICRF3-K""}"
ICRF J205051.1+312727,quasar,312.7130478112083,31.45760384652778,,,,,"{""catalogue"": ""ICRF3-K""}"
ICRF J205422.0-201616,quasar,313.59196856591666,-20.271338775333334,,,,,"{""catalogue"": ""ICRF3-K""}"
ICRF J205429.5+240733,quasar,313.62305448899997,24.126045895388888,,,,,"{""catalogue"": ""ICRF3-K""}"
ICRF J205616.3-471447,quasar,314.06816593275,-47.246563194194444,,,,,"{""catalogue"": ""ICRF3-K""}"
ICRF J205741.6-373402,quasar,314.4233479683333,-37.567497400388895,,,,,"{""catalogue"": ""ICRF3-K""}"
ICRF J210101.6-293327,quasar,315.25691657924995,-29.557732316166668,,,,,"{""catalogue"": ""ICRF3-K""}"
ICRF J210138.8+034131,quasar,315.41180899079166,3.6920335792500003,,,,,"{""catalogue"": ""ICRF3-K""}"
ICRF J210217.0+470216,quasar,315.57106673987505,47.037848129611106,,,,,"{""catalogue"": ""ICRF3-K""}"
ICRF J210544.9-782534,quasar,316.4373385769583,-78.42626318447223,,,,,"{""catalogue"": ""ICRF3-K""}"
ICRF J210610.8+213535,quasar,316.5450757378334,21.593332355305556,,,,,"{""catalogue"": ""ICRF3-K""}"
ICRF J210637.5+552041,quasar,316.65641199033337,55.344921122083335,,,,,"{""catalogue"": ""ICRF3-K""}"
ICRF J210841.0+143027,quasar,317.17096726229164,14.507503526555556,,,,,"{""catalogue"": ""ICRF3-K""}"
ICRF J210933.1-411020,quasar,317.3882858365,-41.17239052158333,,,,,"{""catalogue"": ""ICRF3-K""}"
ICRF J211401.1+820448,quasar,318.5048795665,82.0800945453611,,,,,"{""catalogue"": ""ICRF3-K""}"
ICRF J211432.8+463439,quasar,318.6369819412917,46.57758380808334,,,,,"{""catalogue"": ""ICRF3-K""}"
ICRF J211518.4-141643,quasar,318.8268148481667,-14.278714533250001,,,,,"{""catalogue"": ""ICRF3-K""}"
ICRF J211529.4+293338,quasar,318.87255601916667,29.56065750936111,,,,,"{""catalogue"": ""ICRF3-K""}"
ICRF J211630.8-805355,quasar,319.1285240502917,-80.8986732003889,,,,,"{""catalogue"": ""ICRF3-K""}"
ICRF J211843.2-063617,quasar,319.680175673375,-6.604999757194444,,,,,"{""catalogue"": ""ICRF3-K""}"
ICRF J212031.7+443434,quasar,320.1323928267083,44.57618410133334,,,,,"{""catalogue"": ""ICRF3-K""}"
ICRF J212305.3+550027,quasar,320.7721393065833,55.00759039769444,,,,,"{""catalogue"": ""ICRF3-K""}"
ICRF J212344.5+053522,quasar,320.9354891754583,5.589470310583333,,,,,"{""catalogue"": ""ICRF3-K""}"
ICRF J212348.5-304605,quasar,320.952498092,-30.768177162027776,,,,,"{""catalogue"": ""ICRF3-K""}"
ICRF J212630.7-460547,quasar,321.6279341104167,-46.09663697338889,,,,,"{""catalogue"": ""ICRF3-K""}"
ICRF J212912.1-153841,quasar,322.30073286745835,-15.644733779388888,,,,,"{""catalogue"": ""ICRF3-K""}"
ICRF J213135.2-120704,quasar,322.89692402795833,-12.117998869000001,,,,,"{""catalogue"": ""ICRF3-K""}"
ICRF J213410.3-015317,quasar,323.54295662308334,-1.8881219214444445,,,,,"{""catalogue"": ""ICRF3-K""}"
ICRF J213638.5+004154,quasar,324.16077660787505,0.6983923286111111,,,,,"{""catalogue"": ""ICRF3-K""}"
ICRF J213700.9+510136,quasar,324.2541090315833,51.026702517277776,,,,,"{""catalogue"": ""ICRF3-K""}"
ICRF J213901.3+142335,quasar,324.7554552762916,14.393331179833332,,,,,"{""catalogue"": ""ICRF3-K""}"
ICRF J214230.9-244438,quasar,325.62899605033334,-24.744119864472225,,,,,"{""catalogue"": ""ICRF3-K""}"
ICRF J214605.7-293511,quasar,326.52396740312497,-29.586503071055553,,,,,"{""catalogue"": ""ICRF3-K""}"
ICRF J214622.9-152543,quasar,326.59574720970835,-15.428857135027776,,,,,"{""catalogue"": ""ICRF3-K""}"
ICRF J214710.1+092946,quasar,326.79234572050007,9.496297868805554,,,,,"{""catalogue"": ""ICRF3-K""}"
ICRF J214712.7-753613,quasar,326.80304453300005,-75.60367362352777,,,,,"{""catalogue"": ""ICRF3-K""}"
ICRF J214805.4+065738,quasar,327.02274443345834,6.960723373277778,,,,,"{""catalogue"": ""ICRF3-K""}"
ICRF J215013.3-680250,quasar,327.55579403125,-68.0473357621111,,,,,"{""catalogue"": ""ICRF3-K""}"
ICRF J215155.5-302753,quasar,327.98134993645834,-30.46491614972222,,,,,"{""catalogue"": ""ICRF3-K""}"
ICRF J215224.8+173437,quasar,328.103414133125,17.577165324055557,,,,,"{""catalogue"": ""ICRF3-K""}"
ICRF J220143.5+504856,quasar,330.431405199625,50.81566363969444,,,,,"{""catalogue"": ""ICRF3-K""}"
ICRF J220243.2+421639,quasar,330.68038068925,42.27777221272222,,,,,"{""catalogue"": ""ICRF3-K""}"
ICRF J220314.9+314538,quasar,330.81239907754167,31.760630614305555,,,,,"{""catalogue"": ""ICRF3-K""}"
ICRF J220326.8+172548,quasar,330.86205700479167,17.43006883775,,,,,"{""catalogue"": ""ICRF3-K""}"
ICRF J220643.2-003102,quasar,331.68034418187506,-0.5173596871111111,,,,,"{""catalogue"": ""ICRF3-K""}"
ICRF J220743.7-534633,quasar,331.9322221899167,-53.77606097430555,,,,,"{""catalogue"": ""ICRF3-K""}"
ICRF J221124.0-132809,quasar,332.8504143882084,-13.46936772075,,,,,"{""catalogue"": ""ICRF3-K""}"
ICRF J221205.9+235540,quasar,333.02485964625004,23.927928850555556,,,,,"{""catalogue"": ""ICRF3-K""}"
ICRF J221405.6+373909,quasar,333.523728635125,37.65255455675,,,,,"{""catalogue"": ""ICRF3-K""}"
ICRF J221620.0+351814,quasar,334.08337455466665,35.30393895508333,,,,,"{""catalogue"": ""ICRF3-K""}"
ICRF J222543.7-111340,quasar,336.4321600266667,-11.227972043944444,,,,,"{""catalogue"": ""ICRF3-K""}"
ICRF J222547.2-045701,quasar,336.4469137003333,-4.950386298444444,,,,,"{""catalogue"": ""ICRF3-K""}"
ICRF J222940.0-083254,quasar,337.41701806225,-8.548454304749999,,,,,"{""catalogue"": ""ICRF3-K""}"
ICRF J223036.4+694628,quasar,337.65195705016663,69.77446583,,,,,"{""catalogue"": ""ICRF3-K""}"
ICRF J223040.2-394252,quasar,337.667827450625,-39.71446286305556,,,,,"{""catalogue"": ""ICRF3-K""}"
ICRF J223117.0+592200,quasar,337.8211478639166,59.36690202458333,,,,,"{""catalogue"": ""ICRF3-K""}"
ICRF J223236.4+114350,quasar,338.1517037277917,11.730806662361111,,,,,"{""catalogue"": ""ICRF3-K""}"
ICRF J223513.2-483558,quasar,338.8051524359583,-48.59966515563889,,,,,"{""catalogue"": ""ICRF3-K""}"
ICRF J223622.4+282857,quasar,339.093628423625,28.482614723555553,,,,,"{""catalogue"": ""ICRF3-K""}"
ICRF J223626.2-230926,quasar,339.1093279785,-23.15738808761111,,,,,"{""catalogue"": ""ICRF3-K""}"
ICRF J223634.0-143322,quasar,339.142029830375,-14.556163764111112,,,,,"{""catalogue"": ""ICRF3-K""}"
ICRF J224149.7+095352,quasar,340.45715547495837,9.897901405999999,,,,,"{""catalogue"": ""ICRF3-K""}"
ICRF J224703.9-365746,quasar,341.7663222199167,-36.962862222611115,,,,,"{""catalogue"": ""ICRF3-K""}"
ICRF J224752.6-123719,quasar,341.9693376669583,-12.622144833305557,,,,,"{""catalogue"": ""ICRF3-K""}"
ICRF J224838.6-323552,quasar,342.16119061591667,-32.597830077194445,,,,,"{""catalogue"": ""ICRF3-K""}"
ICRF J225042.8+555014,quasar,342.67854591779167,55.837383691,,,,,"{""catalogue"": ""ICRF3-K""}"
ICRF J225357.7+160853,quasar,343.4906165240416,16.148211406055555,,,,,"{""catalogue"": ""ICRF3-K""}"
ICRF J225436.6-413940,quasar,343.6529062633333,-41.661181749499995,,,,,"{""catalogue"": ""ICRF3-K""}"
ICRF J225504.2-084404,quasar,343.7676658217917,-8.734450474666666,,,,,"{""catalogue"": ""ICRF3-K""}"
ICRF J225536.7+420252,quasar,343.9029493242917,42.04792570527778,,,,,"{""catalogue"": ""ICRF3-K""}"
ICRF J225717.3+074312,quasar,344.32209632133333,7.720084088388889,,,,,"{""catalogue"": ""ICRF3-K""}"
ICRF J225717.5+024317,quasar,344.3231795909583,2.7215309928055555,,,,,"{""catalogue"": ""ICRF3-K""}"
ICRF J225805.9-275821,quasar,344.5248453392917,-27.97257131086111,,,,,"{""catalogue"": ""ICRF3-K""}"
ICRF J225857.9+571906,quasar,344.7414218754583,57.31846213866667,,,,,"{""catalogue"": ""ICRF3-K""}"
ICRF J225900.6-081103,quasar,344.7528701890417,-8.184179296166667,,,,,"{""catalogue"": ""ICRF3-K""}"
ICRF J230844.1+094626,quasar,347.1840483875417,9.773919728638889,,,,,"{""catalogue"": ""ICRF3-K""}"
ICRF J231147.4+454356,quasar,347.9475373756667,45.732226787222224,,,,,"{""catalogue"": ""ICRF3-K""}"
ICRF J231544.3-501839,quasar,348.9347098475417,-50.31102895672222,,,,,"{""catalogue"": ""ICRF3-K""}"
ICRF J231811.3-165929,quasar,349.5473392027917,-16.991441420305556,,,,,"{""catalogue"": ""ICRF3-K""}"
ICRF J231833.9+240439,quasar,349.641532642375,24.077708198055554,,,,,"{""catalogue"": ""ICRF3-K""}"
ICRF J232044.8+051349,quasar,350.1869024852083,5.230542354083333,,,,,"{""catalogue"": ""ICRF3-K""}"
ICRF J232159.8+273246,quasar,350.4994259524167,27.54623437127778,,,,,"{""catalogue"": ""ICRF3-K""}"
ICRF J232331.9-031705,quasar,350.8831406404583,-3.2847288449722223,,,,,"{""catalogue"": ""ICRF3-K""}"
ICRF J232652.8+150739,quasar,351.7203820219167,15.127697945944444,,,,,"{""catalogue"": ""ICRF3-K""}"
ICRF J232733.5+094009,quasar,351.88991894774995,9.669295194888889,,,,,"{""catalogue"": ""ICRF3-K""}"
ICRF J232917.7-473019,quasar,352.32376828879165,-47.505309587166664,,,,,"{""catalogue"": ""ICRF3-K""}"
ICRF J232920.8-495540,quasar,352.337007432125,-49.92795957683333,,,,,"{""catalogue"": ""ICRF3-K""}"
ICRF J233040.8+110018,quasar,352.6702177028334,11.00519715913889,,,,,"{""catalogue"": ""ICRF3-K""}"
ICRF J233355.2-234340,quasar,353.4801576438333,-23.72796057536111,,,,,"{""catalogue"": ""ICRF3-K""}"
ICRF J233412.8+073627,quasar,353.55345062641663,7.607653175222222,,,,,"{""catalogue"": ""ICRF3-K""}"
ICRF J233757.3-023057,quasar,354.48891280058336,-2.516008091083333,,,,,"{""catalogue"": ""ICRF3-K""}"
ICRF J233921.1+601011,quasar,354.83802163404164,60.169958221416664,,,,,"{""catalogue"": ""ICRF3-K""}"
ICRF J234625.6+800755,quasar,356.60670420216667,80.1320109906111,,,,,"{""catalogue"": ""ICRF3-K""}"
ICRF J234636.8+093045,quasar,356.653493976375,9.512643057333333,,,,,"{""catalogue"": ""ICRF3-K""}"
ICRF J234719.8-511036,quasar,356.83276723500006,-51.1766846975,,,,,"{""catalogue"": ""ICRF3-K""}"
ICRF J234831.7+062459,quasar,357.13237777741665,6.4166061015833336,,,,,"{""catalogue"": ""ICRF3-K""}"
ICRF J234920.8+384917,quasar,357.3367772220417,38.82154403611111,,,,,"{""catalogue"": ""ICRF3-K""}"
ICRF J235421.6+455304,quasar,358.5903343513333,45.88451015877778,,,,,"{""catalogue"": ""ICRF3-K""}"
ICRF J235430.1-151311,quasar,358.62581324404164,-15.21978137786111,,,,,"{""catalogue"": ""ICRF3-K""}"
ICRF J235622.7+815252,quasar,359.09497445004166,81.8811819931111,,,,,"{""catalogue"": ""ICRF3-K""}"
ICRF J235725.1-015215,quasar,359.35474141925,-1.8709748436666667,,,,,"{""catalogue"": ""ICRF3-K""}"
ICRF J235753.2-531113,quasar,359.47194199837503,-53.18713595041666,,,,,"{""catalogue"": ""ICRF3-K""}"
ICRF J235810.8-102008,quasar,359.5453432924583,-10.335725333583333,,,,,"{""catalogue"": ""ICRF3-K""}"
ICRF J235935.4-313343,quasar,359.89788153270837,-31.562173578333333,,,,,"{""catalogue"": ""ICRF3-K""}"
